n1;n2;s1;s2;year;kind
Frankreich;Rumaenien;2;1;2016;em
Albanien;Schweiz;0;1;2016;em
Rumaenien;Schweiz;1;1;2016;em
Frankreich;Albanien;2;0;2016;em
Schweiz;Frankreich;0;0;2016;em
Rumaenien;Albanien;0;1;2016;em
Wales;Slowakei;2;1;2016;em
England;Russland;1;1;2016;em
Russland;Slowakei;1;2;2016;em
England;Wales;2;1;2016;em
Slowakei;England;0;0;2016;em
Russland;Wales;0;3;2016;em
Polen;Nordirland;1;0;2016;em
Deutschland;Ukraine;2;0;2016;em
Ukraine;Nordirland;0;2;2016;em
Deutschland;Polen;0;0;2016;em
Ukraine;Polen;0;1;2016;em
Nordirland;Deutschland;0;1;2016;em
Tuerkei;Kroatien;0;1;2016;em
Spanien;Tschechien;1;0;2016;em
Tschechien;Kroatien;2;2;2016;em
Spanien;Tuerkei;3;0;2016;em
Kroatien;Spanien;2;1;2016;em
Tschechien;Tuerkei;0;2;2016;em
Irland;Schweden;1;1;2016;em
Belgien;Italien;0;2;2016;em
Italien;Schweden;1;0;2016;em
Belgien;Irland;3;0;2016;em
Italien;Irland;0;1;2016;em
Schweden;Belgien;0;1;2016;em
Oesterreich;Ungarn;0;2;2016;em
Portugal;Island;1;1;2016;em
Island;Ungarn;1;1;2016;em
Portugal;Oesterreich;0;0;2016;em
Ungarn;Portugal;3;3;2016;em
Island;Oesterreich;2;1;2016;em
Schweiz;Polen;4;5;2016;em
Wales;Nordirland;1;0;2016;em
Kroatien;Portugal;0;1;2016;em
Frankreich;Irland;2;1;2016;em
Deutschland;Slowakei;3;0;2016;em
Ungarn;Belgien;0;4;2016;em
Italien;Spanien;2;0;2016;em
England;Island;1;2;2016;em
Polen;Portugal;3;5;2016;em
Wales;Belgien;3;1;2016;em
Deutschland;Italien;6;5;2016;em
Frankreich;Island;5;2;2016;em
Portugal;Wales;2;0;2016;em
Deutschland;Frankreich;0;2;2016;em
Portugal;Frankreich;1;0;2016;em
Polen;Griechenland;1;1;2012;em
Russland;Tschechien;4;1;2012;em
Griechenland;Tschechien;1;2;2012;em
Polen;Russland;1;1;2012;em
Tschechien;Polen;1;0;2012;em
Griechenland;Russland;1;0;2012;em
Niederlande;Daenemark;0;1;2012;em
Deutschland;Portugal;1;0;2012;em
Daenemark;Portugal;2;3;2012;em
Niederlande;Deutschland;1;2;2012;em
Portugal;Niederlande;2;1;2012;em
Daenemark;Deutschland;1;2;2012;em
Spanien;Italien;1;1;2012;em
Irland;Kroatien;1;3;2012;em
Italien;Kroatien;1;1;2012;em
Spanien;Irland;4;0;2012;em
Kroatien;Spanien;0;1;2012;em
Italien;Irland;2;0;2012;em
Frankreich;England;1;1;2012;em
Ukraine;Schweden;2;1;2012;em
Ukraine;Frankreich;0;2;2012;em
Schweden;England;2;3;2012;em
England;Ukraine;1;0;2012;em
Schweden;Frankreich;2;0;2012;em
Tschechien;Portugal;0;1;2012;em
Deutschland;Griechenland;4;2;2012;em
Spanien;Frankreich;2;0;2012;em
England;Italien;2;4;2012;em
Portugal;Spanien;2;4;2012;em
Deutschland;Italien;1;2;2012;em
Spanien;Italien;4;0;2012;em
Schweiz;Tschechien;0;1;2008;em
Portugal;Tuerkei;2;0;2008;em
Tschechien;Portugal;1;3;2008;em
Schweiz;Tuerkei;1;2;2008;em
Schweiz;Portugal;2;0;2008;em
Tuerkei;Tschechien;3;2;2008;em
Oesterreich;Kroatien;0;1;2008;em
Deutschland;Polen;2;0;2008;em
Kroatien;Deutschland;2;1;2008;em
Oesterreich;Polen;1;1;2008;em
Oesterreich;Deutschland;0;1;2008;em
Polen;Kroatien;0;1;2008;em
Rumaenien;Frankreich;0;0;2008;em
Niederlande;Italien;3;0;2008;em
Italien;Rumaenien;1;1;2008;em
Niederlande;Frankreich;4;1;2008;em
Frankreich;Italien;0;2;2008;em
Niederlande;Rumaenien;2;0;2008;em
Spanien;Russland;4;1;2008;em
Griechenland;Schweden;0;2;2008;em
Schweden;Spanien;1;2;2008;em
Griechenland;Russland;0;1;2008;em
Griechenland;Spanien;1;2;2008;em
Russland;Schweden;2;0;2008;em
Portugal;Deutschland;2;3;2008;em
Kroatien;Tuerkei;1;3;2008;em
Niederlande;Russland;1;3;2008;em
Spanien;Italien;4;2;2008;em
Deutschland;Tuerkei;3;2;2008;em
Russland;Spanien;0;3;2008;em
Deutschland;Spanien;0;1;2008;em
Brasilien;Kroatien;3;1;2014;wm
Mexiko;Kamerun;1;0;2014;wm
Brasilien;Mexiko;0;0;2014;wm
Kamerun;Kroatien;0;4;2014;wm
Kamerun;Brasilien;1;4;2014;wm
Kroatien;Mexiko;1;3;2014;wm
Spanien;Niederlande;1;5;2014;wm
Chile;Australien;3;1;2014;wm
Australien;Niederlande;2;3;2014;wm
Spanien;Chile;0;2;2014;wm
Australien;Spanien;0;3;2014;wm
Niederlande;Chile;2;0;2014;wm
Kolumbien;Griechenland;3;0;2014;wm
Elfenbeinkueste;Japan;2;1;2014;wm
Kolumbien;Elfenbeinkueste;2;1;2014;wm
Japan;Griechenland;0;0;2014;wm
Japan;Kolumbien;1;4;2014;wm
Griechenland;Elfenbeinkueste;2;1;2014;wm
Uruguay;Costa Rica;1;3;2014;wm
England;Italien;1;2;2014;wm
Uruguay;England;2;1;2014;wm
Italien;Costa Rica;0;1;2014;wm
Costa Rica;England;0;0;2014;wm
Italien;Uruguay;0;1;2014;wm
Schweiz;Ecuador;2;1;2014;wm
Frankreich;Honduras;3;0;2014;wm
Schweiz;Frankreich;2;5;2014;wm
Honduras;Ecuador;1;2;2014;wm
Honduras;Schweiz;0;3;2014;wm
Ecuador;Frankreich;0;0;2014;wm
Argentinien;Bosnien-Herzegowina;2;1;2014;wm
Iran;Nigeria;0;0;2014;wm
Argentinien;Iran;1;0;2014;wm
Nigeria;Bosnien-Herzegowina;1;0;2014;wm
Nigeria;Argentinien;2;3;2014;wm
Bosnien-Herzegowina;Iran;3;1;2014;wm
Deutschland;Portugal;4;0;2014;wm
Ghana;USA;1;2;2014;wm
Deutschland;Ghana;2;2;2014;wm
USA;Portugal;2;2;2014;wm
Portugal;Ghana;2;1;2014;wm
USA;Deutschland;0;1;2014;wm
Belgien;Algerien;2;1;2014;wm
Russland;Suedkorea;1;1;2014;wm
Belgien;Russland;1;0;2014;wm
Suedkorea;Algerien;2;4;2014;wm
Algerien;Russland;1;1;2014;wm
Suedkorea;Belgien;0;1;2014;wm
Brasilien;Chile;3;2;2014;wm
Kolumbien;Uruguay;2;0;2014;wm
Niederlande;Mexiko;2;1;2014;wm
Costa Rica;Griechenland;5;3;2014;wm
Frankreich;Nigeria;2;0;2014;wm
Deutschland;Algerien;2;1;2014;wm
Argentinien;Schweiz;1;0;2014;wm
Belgien;USA;2;1;2014;wm
Frankreich;Deutschland;0;1;2014;wm
Brasilien;Kolumbien;2;1;2014;wm
Argentinien;Belgien;1;0;2014;wm
Niederlande;Costa Rica;4;3;2014;wm
Brasilien;Deutschland;1;7;2014;wm
Niederlande;Argentinien;2;4;2014;wm
Brasilien;Niederlande;0;3;2014;wm
Deutschland;Argentinien;1;0;2014;wm
Suedafrika;Mexiko;1;1;2010;wm
Uruguay;Frankreich;0;0;2010;wm
Suedafrika;Uruguay;0;3;2010;wm
Frankreich;Mexiko;0;2;2010;wm
Mexiko;Uruguay;0;1;2010;wm
Frankreich;Suedafrika;1;2;2010;wm
Suedkorea;Griechenland;2;0;2010;wm
Argentinien;Nigeria;1;0;2010;wm
Argentinien;Suedkorea;4;1;2010;wm
Griechenland;Nigeria;2;1;2010;wm
Nigeria;Suedkorea;2;2;2010;wm
Griechenland;Argentinien;0;2;2010;wm
England;USA;1;1;2010;wm
Algerien;Slowenien;0;1;2010;wm
Slowenien;USA;2;2;2010;wm
England;Algerien;0;0;2010;wm
Slowenien;England;0;1;2010;wm
USA;Algerien;1;0;2010;wm
Serbien;Ghana;0;1;2010;wm
Deutschland;Australien;4;0;2010;wm
Deutschland;Serbien;0;1;2010;wm
Ghana;Australien;1;1;2010;wm
Ghana;Deutschland;0;1;2010;wm
Australien;Serbien;2;1;2010;wm
Niederlande;Daenemark;2;0;2010;wm
Japan;Kamerun;1;0;2010;wm
Niederlande;Japan;1;0;2010;wm
Kamerun;Daenemark;1;2;2010;wm
Daenemark;Japan;1;3;2010;wm
Kamerun;Niederlande;1;2;2010;wm
Italien;Paraguay;1;1;2010;wm
Neuseeland;Slowakei;1;1;2010;wm
Slowakei;Paraguay;0;2;2010;wm
Italien;Neuseeland;1;1;2010;wm
Slowakei;Italien;3;2;2010;wm
Paraguay;Neuseeland;0;0;2010;wm
Elfenbeinkueste;Portugal;0;0;2010;wm
Brasilien;Nordkorea;2;1;2010;wm
Brasilien;Elfenbeinkueste;3;1;2010;wm
Portugal;Nordkorea;7;0;2010;wm
Nordkorea;Elfenbeinkueste;0;3;2010;wm
Portugal;Brasilien;0;0;2010;wm
Honduras;Chile;0;1;2010;wm
Spanien;Schweiz;0;1;2010;wm
Chile;Schweiz;1;0;2010;wm
Spanien;Honduras;2;0;2010;wm
Schweiz;Honduras;0;0;2010;wm
Chile;Spanien;1;2;2010;wm
Uruguay;Suedkorea;2;1;2010;wm
USA;Ghana;1;2;2010;wm
Deutschland;England;4;1;2010;wm
Argentinien;Mexiko;3;1;2010;wm
Niederlande;Slowakei;2;1;2010;wm
Brasilien;Chile;3;0;2010;wm
Paraguay;Japan;5;3;2010;wm
Spanien;Portugal;1;0;2010;wm
Niederlande;Brasilien;2;1;2010;wm
Uruguay;Ghana;4;2;2010;wm
Argentinien;Deutschland;0;4;2010;wm
Paraguay;Spanien;0;1;2010;wm
Uruguay;Niederlande;2;3;2010;wm
Deutschland;Spanien;0;1;2010;wm
Uruguay;Deutschland;2;3;2010;wm
Niederlande;Spanien;0;1;2010;wm
Moldau;Rumaenien;0;0;2008;U21-F
Italien;Niederlande;2;1;2008;U21-F
Ukraine;Schweden;0;1;2008;U21-F
Deutschland;Belgien;2;1;2008;U21-F
Portugal;Schottland;2;1;2008;U21-F
Norwegen;Oesterreich;2;3;2008;U21-F
Spanien;Frankreich;2;0;2008;U21-F
Russland;Belarus;1;1;2008;U21-F
Tuerkei;Slowakei;3;2;2008;U21-F
Tunesien;Schweiz;0;1;2008;U21-F
Niederlande;Daenemark;2;1;2008;U21-F
Schottland;Ukraine;2;2;2008;U21-F
Portugal;Schweden;3;0;2008;U21-F
Norwegen;Finnland;1;0;2008;U21-F
Israel;Zypern;2;1;2008;U21-F
Georgien;Lettland;4;0;2008;U21-F
Belarus;Litauen;2;0;2008;U21-F
England;Polen;0;0;2008;U21-F
Nordirland;Rumaenien;1;3;2008;U21-F
Kroatien;Ungarn;3;1;2008;U21-F
Slowenien;Russland;0;4;2008;U21-F
Daenemark;Schweden;0;1;2008;U21-F
Norwegen;Ukraine;1;0;2008;U21-F
Frankreich;Tschechien;4;1;2008;U21-F
Wales;England;0;2;2008;U21-F
Schottland;Norwegen;1;4;2008;U21-F
Deutschland;Ukraine;4;0;2008;U21-F
Russland;Bosnien-Herzegowina;3;0;2008;U21-F
Polen;Slowakei;2;1;2008;U21-F
Frankreich;Niederlande;2;1;2008;U21-F
Schweden;Portugal;0;0;2008;U21-F
Belarus;Ukraine;0;0;2008;U21-F
Frankreich;Portugal;1;1;2008;U21-F
Schweden;Niederlande;0;0;2008;U21-F
Deutschland;Daenemark;4;0;2008;U21-F
Montenegro;Mazedonien;0;3;2008;U21-F
Lettland;Estland;2;1;2008;U21-F
Litauen;Estland;4;0;2008;U21-F
Lettland;Litauen;1;0;2008;U21-F
Portugal;Niederlande;0;2;2008;U21-F
Schweden;Frankreich;1;1;2008;U21-F
Finnland;Polen;1;0;2008;U21-F
Island;Norwegen;1;4;2008;U21-F
Belgien;Niederlande;0;1;2008;U21-F
Kamerun;Niederlande;0;2;2008;U21-F
Elfenbeinkueste;Niederlande;1;1;2008;U21-F
Ukraine;Bulgarien;0;1;2008;U21-F
Portugal;Tschechien;2;3;2008;U21-F
Slowakei;Frankreich;2;2;2008;U21-F
Oesterreich;Irland;1;1;2008;U21-F
England;Slowenien;2;1;2008;U21-F
Ukraine;Nordirland;4;1;2008;U21-F
Lettland;Aserbaidschan;3;0;2008;U21-F
Polen;Bulgarien;3;0;2008;U21-F
Kroatien;Bosnien-Herzegowina;2;1;2008;U21-F
Finnland;Schweden;1;1;2008;U21-F
Island;Daenemark;0;2;2008;U21-F
Schweden;Polen;1;0;2008;U21-F
Oesterreich;Liechtenstein;4;0;2008;U21-F
Serbien;Schweden;1;0;2008;U21-F
Bulgarien;Griechenland;2;1;2008;U21-F
Litauen;Irland;0;3;2008;U21-F
Portugal;Ukraine;0;1;2008;U21-F
Deutschland;Italien;1;0;2008;U21-F
England;Tschechien;2;0;2008;U21-F
Schottland;Nordirland;1;3;2008;U21-F
Portugal;Spanien;4;1;2008;U21-F
Polen;Ukraine;1;3;2008;U21-F
Rumaenien;Bulgarien;1;1;2008;U21-F
Mazedonien;Albanien;0;3;2008;U21-F
Zypern;Belarus;0;2;2008;U21-F
Bosnien-Herzegowina;Montenegro;3;2;2008;U21-F
Griechenland;Schweiz;1;1;2008;U21-F
Israel;Serbien;2;3;2008;U21-F
Niederlande;Schweden;0;3;2008;U21-F
Daenemark;Frankreich;0;1;2008;U21-F
Jordanien;Irak;0;0;2008;U21-F
Norwegen;Syrien;3;0;2008;U21-F
Norwegen;Irak;1;2;2008;U21-F
Jordanien;Syrien;2;0;2008;U21-F
Irak;Syrien;2;1;2008;U21-F
Jordanien;Norwegen;0;0;2008;U21-F
Oesterreich;Deutschland;1;1;2008;U20-F
Italien;Oesterreich;0;1;2008;U20-F
Tunesien;Niederlande;3;1;2008;U20-F
Deutschland;Italien;0;0;2008;U20-F
Portugal;USA;4;0;2008;U20-F
Deutschland;Schweiz;3;1;2008;U20-F
Oesterreich;Italien;0;1;2008;U20-F
Kanada;Argentinien;1;1;2008;U20-F
Japan;Niederlande;1;0;2008;U20-F
Frankreich;Chile;3;5;2008;U20-F
Tuerkei;USA;3;2;2008;U20-F
Elfenbeinkueste;Italien;0;2;2008;U20-F
Frankreich;Japan;1;2;2008;U20-F
Niederlande;Chile;0;2;2008;U20-F
Elfenbeinkueste;USA;1;0;2008;U20-F
Italien;Tuerkei;2;1;2008;U20-F
Chile;Japan;2;0;2008;U20-F
Frankreich;Niederlande;0;1;2008;U20-F
Italien;USA;2;0;2008;U20-F
Elfenbeinkueste;Tuerkei;4;0;2008;U20-F
Chile;Elfenbeinkueste;2;1;2008;U20-F
Japan;Italien;4;5;2008;U20-F
Elfenbeinkueste;Japan;4;3;2008;U20-F
Chile;Italien;0;1;2008;U20-F
Argentinien;Paraguay;2;0;2008;U20-F
Paraguay;Argentinien;0;1;2008;U20-F
USA;Mexiko;3;0;2008;U20-F
Schweiz;Oesterreich;1;0;2008;U20-F
Deutschland;Oesterreich;4;2;2008;U20-F
Argentinien;Chile;2;1;2008;U20-F
Slowakei;Finnland;1;1;2008;U20-F
Slowakei;Finnland;3;1;2008;U20-F
Schweiz;Italien;5;2;2008;U20-F
Ungarn;Italien;2;1;2008;U20-F
Deutschland;Schweiz;3;2;2008;U20-F
Argentinien;Uruguay;5;0;2008;U20-F
Ukraine;Niederlande;0;0;2008;U20-F
Oesterreich;Deutschland;2;1;2008;U20-F
Kroatien;Ungarn;1;1;2008;U20-F
Italien;Schweiz;0;0;2008;U20-F
Tuerkei;Finnland;1;1;2008;U20-F
Tuerkei;Finnland;2;1;2008;U20-F
Chile;Kolumbien;2;1;2008;U20-F
Paraguay;Argentinien;1;2;2008;U20-F
Italien;Slowakei;1;1;2008;U20-F
Chile;Uruguay;1;1;2008;U20-F
Chile;Uruguay;0;1;2008;U20-F
Tuerkei;Ukraine;2;2;2009;U21-F
Malta;Daenemark;0;1;2009;U21-F
Portugal;Schweiz;3;1;2009;U21-F
Tuerkei;Ukraine;1;2;2009;U21-F
Spanien;Norwegen;1;1;2009;U21-F
Irland;Deutschland;1;1;2009;U21-F
Ecuador;England;3;2;2009;U21-F
Finnland;Estland;2;1;2009;U21-F
Zypern;Serbien;0;2;2009;U21-F
Kroatien;Mazedonien;2;1;2009;U21-F
Israel;Moldau;4;1;2009;U21-F
Slowenien;Rumaenien;3;1;2009;U21-F
Tunesien;Frankreich;1;1;2009;U21-F
Italien;Schweden;1;1;2009;U21-F
Norwegen;Liechtenstein;2;0;2009;U21-F
Tuerkei;Daenemark;2;0;2009;U21-F
Lettland;Polen;2;2;2009;U21-F
Zypern;Georgien;1;1;2009;U21-F
Serbien;Ukraine;0;0;2009;U21-F
Kroatien;Montenegro;1;1;2009;U21-F
Finnland;Schweden;1;0;2009;U21-F
Frankreich;Estland;3;0;2009;U21-F
Norwegen;England;0;5;2009;U21-F
Deutschland;Niederlande;0;4;2009;U21-F
Irland;Spanien;2;1;2009;U21-F
Belarus;Litauen;4;1;2009;U21-F
Spanien;Schweden;0;0;2009;U21-F
Deutschland;Belarus;1;1;2009;U21-F
Belgien;Schweden;1;2;2009;U21-F
Nordirland;Ukraine;1;1;2009;U21-F
Niederlande;Italien;1;1;2009;U21-F
England;Frankreich;0;2;2009;U21-F
Georgien;Belarus;0;1;2009;U21-F
Serbien;Rumaenien;1;1;2009;U21-F
Finnland;Lettland;1;2;2009;U21-F
Malta;Tunesien;2;1;2009;U21-F
Griechenland;Zypern;2;1;2009;U21-F
Bulgarien;Oesterreich;0;1;2009;U21-F
Liechtenstein;Bosnien-Herzegowina;0;1;2009;U21-F
Tuerkei;Aserbaidschan;2;0;2009;U21-F
Daenemark;Island;3;2;2009;U21-F
Georgien;Moldau;1;0;2009;U21-F
Estland;Norwegen;1;1;2009;U21-F
Schweden;Polen;2;1;2009;U21-F
Finnland;Belarus;1;0;2009;U21-F
England;Aserbaidschan;7;0;2009;U21-F
Belarus;Moldau;2;2;2009;U21-F
Daenemark;Italien;0;4;2009;U21-F
Schweden;Estland;2;1;2009;U21-F
Albanien;Georgien;1;0;2009;U21-F
Ukraine;Iran;2;1;2009;U21-F
Bulgarien;Ghana;1;2;2009;U21-F
Serbien;Israel;1;0;2009;U21-F
Slowenien;Bosnien-Herzegowina;2;0;2009;U21-F
Portugal;Nordirland;2;1;2009;U21-F
Deutschland;Tuerkei;1;3;2009;U21-F
Luxemburg;Aserbaidschan;2;1;2009;U21-F
Niederlande;England;0;0;2009;U21-F
Daenemark;Schweden;2;4;2009;U21-F
Iran;Deutschland;0;1;2009;U21-F
Russland;Italien;3;2;2009;U21-F
Ukraine;Tuerkei;1;0;2009;U21-F
Belgien;Finnland;0;0;2009;U21-F
Albanien;Malta;1;2;2009;U21-F
Litauen;Georgien;2;3;2009;U21-F
Slowakei;Griechenland;1;0;2009;U21-F
Frankreich;Polen;2;2;2009;U21-F
Deutschland;Slowenien;3;0;2009;U21-F
Daenemark;Georgien;3;1;2009;U21-F
Deutschland;Israel;0;0;2009;U21-F
Luxemburg;DR Kongo;3;1;2009;U21-F
Daenemark;Polen;0;1;2009;U21-F
Frankreich;Tunesien;1;1;2009;U21-F
Rumaenien;Polen;2;1;2009;U21-F
Daenemark;Serbien;1;3;2009;U21-F
Syrien;Usbekistan;1;0;2009;U20-F
Niederlande;Griechenland;4;1;2009;U20-F
Oesterreich;Italien;2;2;2009;U20-F
Portugal;Finnland;2;1;2009;U20-F
Schweiz;Deutschland;2;0;2009;U20-F
Oesterreich;Schweiz;1;2;2009;U20-F
Ungarn;Kroatien;0;2;2009;U20-F
England;Italien;2;0;2009;U20-F
Slowakei;Italien;4;0;2009;U20-F
Aegypten;Spanien;0;2;2009;U20-F
Slowakei;Kroatien;1;3;2009;U20-F
Aegypten;Spanien;2;0;2009;U20-F
Deutschland;Italien;5;0;2009;U20-F
Italien;Deutschland;0;1;2009;U20-F
Kroatien;Slowakei;3;1;2009;U20-F
Aegypten;VA Emirate;0;1;2009;U20-F
Argentinien;Niederlande;4;0;2009;U20-F
Portugal;Chile;0;1;2009;U20-F
Frankreich;Katar;1;0;2009;U20-F
Niederlande;VA Emirate;1;0;2009;U20-F
Argentinien;Aegypten;3;2;2009;U20-F
Frankreich;Portugal;1;0;2009;U20-F
Chile;Katar;3;0;2009;U20-F
Argentinien;VA Emirate;1;1;2009;U20-F
Niederlande;Aegypten;1;1;2009;U20-F
Portugal;Katar;6;0;2009;U20-F
Frankreich;Chile;0;1;2009;U20-F
Uruguay;Suedafrika;3;1;2009;U20-F
Chile;Niederlande;5;4;2009;U20-F
Frankreich;Argentinien;3;1;2009;U20-F
Niederlande;Argentinien;0;1;2009;U20-F
Aegypten;USA;0;1;2009;U20-F
Aegypten;USA;1;1;2009;U20-F
Guatemala;Ghana;0;3;2009;U20-F
Aegypten;Kenia;7;1;2009;U20-F
Kenia;Ghana;0;4;2009;U20-F
Guatemala;Nigeria;3;1;2009;U20-F
Kenia;Guatemala;2;5;2009;U20-F
England;Montenegro;5;0;2009;U20-F
Oesterreich;Schweiz;1;5;2009;U20-F
Deutschland;Suedafrika;6;1;2009;U20-F
Kamerun;VA Emirate;3;0;2009;U20-F
Schweiz;Oesterreich;1;1;2009;U20-F
Aegypten;Venezuela;2;1;2009;U20-F
Australien;Trinidad & Tobago;2;1;2009;U20-F
England;Australien;2;0;2009;U20-F
USA;Australien;2;0;2009;U20-F
Schweiz;Deutschland;3;2;2009;U20-F
Slowenien;Italien;4;0;2009;U20-F
Deutschland;Oesterreich;2;2;2009;U20-F
Oesterreich;Italien;1;0;2009;U20-F
Italien;Deutschland;1;4;2009;U20-F
Suedkorea;Japan;1;2;2009;U20-F
Litauen;Estland;0;0;2010;U21-F
Tuerkei;Slowakei;0;1;2010;U21-F
Belarus;Russland;1;0;2010;U21-F
Portugal;Schweden;0;2;2010;U21-F
Frankreich;Kroatien;3;1;2010;U21-F
Mazedonien;Serbien;1;0;2010;U21-F
Zypern;Ukraine;1;1;2010;U21-F
Oesterreich;Daenemark;3;0;2010;U21-F
Tschechien;Finnland;1;0;2010;U21-F
Norwegen;Schweiz;1;2;2010;U21-F
Israel;Rumaenien;1;1;2010;U21-F
Bosnien-Herzegowina;Tuerkei;4;1;2010;U21-F
Portugal;Niederlande;3;1;2010;U21-F
Oesterreich;Wales;1;0;2010;U21-F
Argentinien;Frankreich;3;3;2010;U21-F
Portugal;Niederlande;0;0;2010;U21-F
Argentinien;Frankreich;2;2;2010;U21-F
Rumaenien;Serbien;3;1;2010;U21-F
Albanien;Polen;2;2;2010;U21-F
Belarus;Israel;2;2;2010;U21-F
Moldau;Aserbaidschan;4;2;2010;U21-F
Norwegen;Ungarn;2;1;2010;U21-F
Belarus;Rumaenien;1;0;2010;U21-F
Finnland;Norwegen;1;2;2010;U21-F
San Marino;Bosnien-Herzegowina;0;2;2010;U21-F
Luxemburg;Polen;1;0;2010;U21-F
Litauen;Lettland;2;1;2010;U21-F
Estland;Lettland;0;1;2010;U21-F
Litauen;Estland;1;1;2010;U21-F
Slowenien;Mazedonien;5;1;2010;U21-F
Zypern;Israel;1;2;2010;U21-F
Malta;Wales;1;1;2010;U21-F
England;Usbekistan;2;0;2010;U21-F
Schweiz;Griechenland;0;1;2010;U21-F
Ukraine;Montenegro;0;0;2010;U21-F
Schottland;Schweden;1;1;2010;U21-F
Italien;Daenemark;2;2;2010;U21-F
Daenemark;Litauen;1;1;2010;U21-F
Belarus;Kasachstan;3;1;2010;U21-F
Ungarn;Montenegro;0;2;2010;U21-F
Oesterreich;Schweden;1;1;2010;U21-F
Frankreich;Tuerkei;2;0;2010;U21-F
Oesterreich;Schweden;3;2;2010;U21-F
Deutschland;Ukraine;2;1;2010;U21-F
Tuerkei;Belgien;4;1;2010;U21-F
Slowenien;Ungarn;1;0;2010;U21-F
Daenemark;Frankreich;1;3;2010;U21-F
Vietnam;Myanmar;5;1;2010;U21-F
Myanmar;Thailand;0;4;2010;U21-F
Vietnam;Thailand;3;1;2010;U21-F
Malaysia;Thailand;1;3;2010;U21-F
Vietnam;Malaysia;1;0;2010;U21-F
Kroatien;Slowenien;2;1;2010;U21-F
Deutschland;England;2;0;2010;U21-F
Mazedonien;Mali;3;1;2010;U21-F
Frankreich;Russland;0;1;2010;U21-F
Ungarn;Slowakei;0;0;2010;U21-F
Zypern;Malta;1;0;2010;U21-F
Italien;Tuerkei;2;1;2010;U21-F
Tschechien;Ukraine;2;1;2010;U21-F
Griechenland;Norwegen;1;0;2010;U21-F
Israel;Belarus;2;1;2010;U21-F
Luxemburg;Finnland;1;0;2010;U21-F
Daenemark;Niederlande;1;3;2010;U21-F
Schottland;Nordirland;3;1;2010;U21-F
Wales;Oesterreich;1;0;2010;U21-F
Uruguay;Chile;3;2;2010;U20-F
Argentinien;Paraguay;1;3;2010;U20-F
Mexiko;Paraguay;2;1;2010;U20-F
Brasilien;Chile;2;0;2010;U20-F
Argentinien;Mexiko;0;2;2010;U20-F
Uruguay;Brasilien;1;1;2010;U20-F
Uruguay;Paraguay;2;0;2010;U20-F
Brasilien;Mexiko;2;3;2010;U20-F
Italien;Slowenien;0;0;2010;U20-F
Slowenien;Niederlande;2;1;2010;U20-F
Italien;Oesterreich;1;3;2010;U20-F
Deutschland;Schweiz;1;1;2010;U20-F
Mali;Tunesien;1;0;2010;U20-F
Algerien;Marokko;0;0;2010;U20-F
Marokko;Tunesien;2;2;2010;U20-F
Algerien;Mali;1;2;2010;U20-F
Paraguay;Australien;2;0;2010;U20-F
Deutschland;Italien;4;0;2010;U20-F
Schweiz;Italien;2;3;2010;U20-F
Kapverdische Inseln;Belarus;1;3;2010;U20-F
Portugal;Rumaenien;4;0;2010;U20-F
Portugal;Kapverdische Inseln;1;0;2010;U20-F
Belarus;Rumaenien;0;0;2010;U20-F
Italien;Schweiz;4;1;2010;U20-F
Rumaenien;Kapverdische Inseln;0;0;2010;U20-F
Portugal;Belarus;1;0;2010;U20-F
Elfenbeinkueste;Japan;3;0;2010;U20-F
Frankreich;Kolumbien;2;0;2010;U20-F
Chile;Katar;4;2;2010;U20-F
Daenemark;Russland;3;1;2010;U20-F
Kolumbien;Elfenbeinkueste;0;2;2010;U20-F
Frankreich;Japan;4;1;2010;U20-F
Daenemark;Katar;3;1;2010;U20-F
Chile;Russland;5;0;2010;U20-F
Japan;Kolumbien;0;3;2010;U20-F
Frankreich;Elfenbeinkueste;2;1;2010;U20-F
Daenemark;Chile;1;1;2010;U20-F
Katar;Russland;2;2;2010;U20-F
Chile;Elfenbeinkueste;0;2;2010;U20-F
Frankreich;Daenemark;2;3;2010;U20-F
Frankreich;Chile;2;1;2010;U20-F
Daenemark;Elfenbeinkueste;2;3;2010;U20-F
Paraguay;Kolumbien;0;1;2010;U20-F
Mexiko;Uruguay;1;2;2010;U20-F
Brasilien;Kolumbien;0;0;2010;U20-F
Argentinien;Uruguay;1;0;2010;U20-F
Argentinien;Mexiko;0;0;2010;U20-F
Paraguay;Brasilien;2;1;2010;U20-F
Uruguay;Venezuela;1;1;2010;U20-F
Kroatien;Belarus;1;0;2010;U20-F
Russland;Tuerkei;1;0;2010;U20-F
Ukraine;Tuerkei;2;1;2010;U20-F
Russland;Iran;2;1;2010;U20-F
Aequatorialguinea;Kanada;1;1;2010;U20-F
Usbekistan;Ecuador;0;1;2010;U20-F
Polen;Usbekistan;1;1;2010;U20-F
Polen;Italien;1;0;2010;U20-F
Schweiz;Deutschland;2;3;2010;U20-F
Paraguay;USA;5;0;2010;U20-F
Peru;Kolumbien;0;2;2010;U20-F
USA;Kolumbien;0;2;2010;U20-F
Turks & Caicos;US Jungferninseln;0;0;2010;U20-F
Peru;Paraguay;0;2;2010;U20-F
Paraguay;Kolumbien;1;1;2010;U20-F
Peru;USA;2;1;2010;U20-F
Peru;USA;2;0;2010;U20-F
Paraguay;Kolumbien;2;4;2010;U20-F
US Jungferninseln;Turks & Caicos;3;0;2010;U20-F
Uruguay;Chile;0;0;2010;U20-F
Uruguay;Chile;5;0;2010;U20-F
Uruguay;Peru;1;1;2010;U20-F
Guyana;US Jungferninseln;5;1;2010;U20-F
Jamaika;Grenada;6;1;2010;U20-F
Deutschland;Schweiz;2;0;2010;U20-F
Frankreich;Portugal;3;3;2010;U20-F
Uruguay;Peru;1;0;2010;U20-F
Finnland;Belarus;3;0;2010;U20-F
Guyana;Grenada;3;0;2010;U20-F
US Jungferninseln;Jamaika;0;13;2010;U20-F
Polen;Deutschland;0;1;2010;U20-F
Finnland;Belarus;4;3;2010;U20-F
Guyana;Jamaika;0;2;2010;U20-F
Grenada;US Jungferninseln;7;0;2010;U20-F
Italien;Schweiz;3;0;2010;U20-F
Peru;Uruguay;2;1;2010;U20-F
Paraguay;Peru;1;2;2010;U20-F
Kolumbien;Uruguay;1;2;2010;U20-F
Mexiko;Peru;3;0;2010;U20-F
Chile;Uruguay;1;1;2010;U20-F
Guadeloupe;Bermuda;1;1;2010;U20-F
Bermuda;Antigua & Barbuda;2;0;2010;U20-F
Kolumbien;Chile;5;1;2010;U20-F
Kolumbien;Peru;5;0;2010;U20-F
Mexiko;Uruguay;6;5;2010;U20-F
Guadeloupe;Antigua & Barbuda;4;0;2010;U20-F
Kuba;St. Kitts & Nevis;1;0;2010;U20-F
Nederlandse Antillen;Br. Jungferninseln;20;0;2010;U20-F
Br. Jungferninseln;Kuba;0;29;2010;U20-F
Nederlandse Antillen;St. Kitts & Nevis;1;1;2010;U20-F
St. Kitts & Nevis;Br. Jungferninseln;19;0;2010;U20-F
Nederlandse Antillen;Kuba;0;2;2010;U20-F
Suriname;Aruba;3;1;2010;U20-F
Argentinien;Chile;3;1;2010;U20-F
Bolivien;Kolumbien;3;3;2010;U20-F
Frankreich;Montenegro;1;0;2010;U20-F
Uruguay;Kolumbien;0;0;2010;U20-F
Paraguay;Chile;3;0;2010;U20-F
Italien;Deutschland;1;2;2010;U20-F
Schweiz;Polen;2;3;2010;U20-F
Argentinien;Paraguay;1;4;2010;U20-F
Bolivien;Uruguay;3;1;2010;U20-F
St. Vincent/Grenadines;Trinidad & Tobago;0;8;2010;U20-F
Aruba;Suriname;1;4;2010;U20-F
Bolivien;Paraguay;1;2;2010;U20-F
Argentinien;Kolumbien;2;0;2010;U20-F
Costa Rica;Nicaragua;4;0;2010;U20-F
Trinidad & Tobago;St. Vincent/Grenadines;4;1;2010;U20-F
Panama;Costa Rica;1;0;2010;U20-F
Panama;Nicaragua;1;0;2010;U20-F
Uruguay;Argentinien;1;1;2010;U20-F
El Salvador;Belize;6;1;2010;U20-F
Honduras;El Salvador;4;0;2010;U20-F
Honduras;Belize;3;0;2010;U20-F
Suriname;Trinidad & Tobago;1;2;2010;U20-F
El Salvador;Costa Rica;1;0;2010;U20-F
Ecuador;Bolivien;3;0;2010;U20-F
Peru;Chile;2;2;2010;U20-F
Mexiko;Peru;2;1;2010;U20-F
Argentinien;Ecuador;3;1;2010;U20-F
Chile;Mexiko;2;3;2010;U20-F
Argentinien;Bolivien;1;0;2010;U20-F
Costa Rica;El Salvador;1;1;2010;U20-F
Ecuador;Chile;0;3;2010;U20-F
Argentinien;Mexiko;7;6;2010;U20-F
Trinidad & Tobago;Suriname;2;1;2010;U20-F
Italien;England;1;0;2011;U21-F
Belarus;Moldau;1;1;2011;U21-F
Luxemburg;Oesterreich;0;6;2011;U21-F
Spanien;Daenemark;2;1;2011;U21-F
Frankreich;Slowakei;3;1;2011;U21-F
Finnland;Estland;4;1;2011;U21-F
Bulgarien;Kamerun;3;1;2011;U21-F
Zypern;Irland;0;0;2011;U21-F
Slowenien;Kroatien;1;1;2011;U21-F
Israel;Serbien;0;1;2011;U21-F
Russland;Ukraine;3;1;2011;U21-F
Tuerkei;Rumaenien;1;0;2011;U21-F
Griechenland;Deutschland;0;0;2011;U21-F
Niederlande;Tschechien;0;1;2011;U21-F
Portugal;Schweden;3;1;2011;U21-F
Wales;Nordirland;2;0;2011;U21-F
Rumaenien;Albanien;2;0;2011;U21-F
Israel;Georgien;2;0;2011;U21-F
Ukraine;Island;3;2;2011;U21-F
Litauen;Lettland;1;2;2011;U21-F
Kroatien;Ukraine;1;2;2011;U21-F
Daenemark;England;0;4;2011;U21-F
Ungarn;Oesterreich;0;2;2011;U21-F
Belgien;Schottland;1;0;2011;U21-F
Frankreich;Spanien;3;2;2011;U21-F
Italien;Schweden;3;1;2011;U21-F
Mazedonien;Slowenien;1;0;2011;U21-F
Serbien;Bulgarien;4;1;2011;U21-F
Tschechien;Belarus;2;0;2011;U21-F
Niederlande;Deutschland;1;3;2011;U21-F
Malta;Montenegro;1;1;2011;U21-F
Portugal;Irland;2;0;2011;U21-F
Georgien;Albanien;1;3;2011;U21-F
Rumaenien;Israel;1;1;2011;U21-F
Russland;Guinea;7;3;2011;U21-F
Slowakei;Finnland;3;2;2011;U21-F
Belarus;Litauen;0;2;2011;U21-F
Kroatien;Ungarn;3;2;2011;U21-F
Slowakei;Finnland;0;0;2011;U21-F
Belgien;Griechenland;0;1;2011;U21-F
Spanien;Belarus;1;1;2011;U21-F
England;Island;1;2;2011;U21-F
Serbien;Ukraine;2;2;2011;U21-F
Albanien;Israel;1;1;2011;U21-F
Rumaenien;Georgien;2;1;2011;U21-F
Aserbaidschan;Russland;0;8;2011;U21-F
Tschechien;Frankreich;0;1;2011;U21-F
Oesterreich;Norwegen;2;1;2011;U21-F
Deutschland;Italien;2;2;2011;U21-F
Montenegro;Mazedonien;0;1;2011;U21-F
Luxemburg;Estland;0;6;2011;U21-F
Italien;Russland;2;0;2011;U21-F
Tschechien;Slowakei;2;2;2011;U21-F
Niederlande;Israel;2;0;2011;U21-F
Usbekistan;Albanien;0;1;2011;U21-F
Israel;Usbekistan;0;2;2011;U21-F
Niederlande;Albanien;5;0;2011;U21-F
Aserbaidschan;Moldau;1;0;2011;U21-F
Portugal;Deutschland;4;2;2011;U21-F
Norwegen;Schweden;1;4;2011;U21-F
Griechenland;Bulgarien;2;1;2011;U21-F
Frankreich;Serbien;1;0;2011;U21-F
Portugal;Oesterreich;2;0;2011;U21-F
England;Norwegen;2;0;2011;U21-F
Spanien;Russland;1;1;2011;U21-F
Ukraine;Frankreich;1;1;2011;U21-F
Polen;Griechenland;1;2;2011;U21-F
Bulgarien;Mazedonien;0;0;2011;U21-F
Schweden;Serbien;2;1;2011;U21-F
Estland;Lettland;1;0;2011;U21-F
Mazedonien;Saudi-Arabien;1;1;2011;U21-F
Litauen;Saudi-Arabien;1;1;2011;U21-F
Estland;Aserbaidschan;1;3;2011;U21-F
Irland;Oesterreich;2;1;2011;U21-F
Bulgarien;Rumaenien;1;1;2011;U21-F
Portugal;Slowakei;1;1;2011;U21-F
Usbekistan;Serbien;2;0;2011;U21-F
Ukraine;Israel;3;0;2011;U21-F
Belgien;Tuerkei;2;3;2011;U21-F
Italien;Schweiz;1;1;2011;U21-F
Moldau;Georgien;2;2;2011;U21-F
Schottland;Norwegen;3;0;2011;U21-F
Ukraine;Usbekistan;0;0;2011;U21-F
Montenegro;Bosnien-Herzegowina;3;1;2011;U21-F
Polen;Daenemark;1;0;2011;U21-F
Schweden;Niederlande;3;0;2011;U21-F
Wales;Ungarn;1;2;2011;U21-F
Oesterreich;Griechenland;3;2;2011;U21-F
England;Israel;4;1;2011;U21-F
Portugal;Frankreich;1;0;2011;U21-F
Mazedonien;Zypern;3;1;2011;U21-F
Syrien;Jemen;2;2;2011;U21-F
Laos;Myanmar;0;4;2011;U21-F
China;Thailand;2;7;2011;U21-F
Thailand;Vietnam;3;0;2011;U21-F
Kambodscha;Myanmar;2;2;2011;U21-F
Kambodscha;Thailand;1;2;2011;U21-F
Myanmar;Vietnam;1;1;2011;U21-F
Thailand;Myanmar;1;1;2011;U21-F
Oman;Syrien;0;2;2011;U21-F
Portugal;Norwegen;1;1;2011;U20-F
Deutschland;Italien;3;1;2011;U20-F
England;Frankreich;1;2;2011;U20-F
Mexiko;El Salvador;1;1;2011;U20-F
Aegypten;Nigeria;2;1;2011;U20-F
Saudi-Arabien;Kamerun;0;1;2011;U20-F
Mexiko;Honduras;0;0;2011;U20-F
Peru;Frankreich;0;3;2011;U20-F
Deutschland;Polen;1;1;2011;U20-F
Schweiz;Italien;1;0;2011;U20-F
Peru;Frankreich;1;2;2011;U20-F
Panama;Kuba;4;1;2011;U20-F
Polen;Schweiz;0;3;2011;U20-F
Kolumbien;Ecuador;3;2;2011;U20-F
Italien;Spanien;0;1;2011;U20-F
Neuseeland;Uruguay;0;1;2011;U20-F
Suedkorea;Nigeria;0;1;2011;U20-F
Uruguay;Nigeria;2;2;2011;U20-F
Suedkorea;Neuseeland;1;0;2011;U20-F
Nigeria;Neuseeland;3;4;2011;U20-F
Suedkorea;Uruguay;1;1;2011;U20-F
Frankreich;USA;3;3;2011;U20-F
Frankreich;USA;2;1;2011;U20-F
Kolumbien;Portugal;1;1;2011;U20-F
Elfenbeinkueste;Italien;0;2;2011;U20-F
Guatemala;Panama;1;2;2011;U20-F
China;Ungarn;0;3;2011;U20-F
Frankreich;Mexiko;4;1;2011;U20-F
Kolumbien;Elfenbeinkueste;4;1;2011;U20-F
Italien;Portugal;1;1;2011;U20-F
Ungarn;Mexiko;0;2;2011;U20-F
Frankreich;China;4;0;2011;U20-F
Kolumbien;Italien;1;1;2011;U20-F
Elfenbeinkueste;Portugal;0;1;2011;U20-F
Frankreich;Ungarn;1;1;2011;U20-F
China;Mexiko;1;2;2011;U20-F
Kolumbien;Mexiko;2;1;2011;U20-F
Frankreich;Italien;1;0;2011;U20-F
Mexiko;Italien;1;1;2011;U20-F
Frankreich;Kolumbien;1;1;2011;U20-F
Ecuador;Panama;4;0;2011;U20-F
Portugal;Aegypten;0;0;2011;U20-F
Portugal;Aegypten;2;2;2011;U20-F
Uruguay;Guatemala;7;0;2011;U20-F
Portugal;Nigeria;0;0;2011;U20-F
Uruguay;Guatemala;2;0;2011;U20-F
Mexiko;Portugal;2;2;2011;U20-F
Panama;Nigeria;0;0;2011;U20-F
Portugal;Nigeria;2;0;2011;U20-F
Panama;Mexiko;1;1;2011;U20-F
Mexiko;Nigeria;4;1;2011;U20-F
Panama;Portugal;2;0;2011;U20-F
Peru;Spanien;0;0;2011;U20-F
Israel;USA;0;2;2011;U20-F
Mexiko;Georgien;1;2;2011;U20-F
Nordirland;Daenemark;1;1;2011;U20-F
Daenemark;Israel;3;1;2011;U20-F
Nordirland;Georgien;3;1;2011;U20-F
USA;Mexiko;1;1;2011;U20-F
Mexiko;Israel;0;0;2011;U20-F
USA;Georgien;2;1;2011;U20-F
Nordirland;Daenemark;0;1;2011;U20-F
Deutschland;Polen;4;2;2011;U20-F
Schweiz;Italien;3;2;2011;U20-F
Schweiz;Deutschland;1;2;2011;U20-F
Polen;Italien;1;2;2011;U20-F
Ungarn;Serbien;3;1;2011;U20-F
Libanon;Saudi-Arabien;0;2;2011;U20-F
Libanon;Oman;3;1;2011;U20-F
Polen;Schweiz;0;1;2011;U20-F
Deutschland;Italien;3;2;2011;U20-F
Deutschland;Schweiz;4;1;2011;U20-F
Ungarn;Slowenien;1;1;2011;U20-F
Algerien;Sierra Leone;2;1;2011;U20-F
Italien;Polen;3;1;2011;U20-F
Katar;Oman;1;0;2011;U20-F
VA Emirate;Saudi-Arabien;1;1;2011;U20-F
Kuwait;VA Emirate;0;0;2011;U20-F
Bahrain;Oman;3;2;2011;U20-F
Saudi-Arabien;Kuwait;2;0;2011;U20-F
Bahrain;Katar;1;0;2011;U20-F
Serbien;Kroatien;2;0;2011;U20-F
VA Emirate;Katar;2;0;2011;U20-F
Bahrain;Saudi-Arabien;3;1;2011;U20-F
Thailand;Bangladesch;5;0;2011;U20-F
Italien;Ghana;3;0;2011;U20-F
Polen;Deutschland;1;0;2011;U20-F
Slowenien;Serbien;2;2;2011;U20-F
Belgien;Italien;2;2;2011;U20-F
Botswana;Mosambik;0;0;2011;U20-F
Suedafrika;Sambia;1;5;2011;U20-F
Slowenien;Kroatien;0;1;2011;U20-F
Trinidad & Tobago;El Salvador;1;2;2011;U20-F
Kirgisistan;Lettland;2;3;2012;U21-F
Estland;Turkmenistan;0;1;2012;U21-F
Russland;Kasachstan;1;0;2012;U21-F
Ukraine;Moldau;1;0;2012;U21-F
Belarus;Iran;0;0;2012;U21-F
Tadschikistan;Litauen;0;0;2012;U21-F
Kasachstan;Turkmenistan;3;1;2012;U21-F
Russland;Estland;1;0;2012;U21-F
Ukraine;Kirgisistan;4;0;2012;U21-F
Moldau;Lettland;0;0;2012;U21-F
Belarus;Tadschikistan;2;0;2012;U21-F
Iran;Litauen;3;0;2012;U21-F
Ukraine;Lettland;2;0;2012;U21-F
Moldau;Kirgisistan;2;1;2012;U21-F
Kasachstan;Estland;3;1;2012;U21-F
Russland;Turkmenistan;0;0;2012;U21-F
Belarus;Litauen;0;1;2012;U21-F
Iran;Tadschikistan;5;0;2012;U21-F
Turkmenistan;Kirgisistan;1;3;2012;U21-F
Tadschikistan;Estland;1;1;2012;U21-F
Kasachstan;Belarus;2;3;2012;U21-F
Iran;Lettland;1;4;2012;U21-F
Ukraine;Litauen;1;1;2012;U21-F
Russland;Moldau;2;1;2012;U21-F
Estland;Turkmenistan;3;0;2012;U21-F
Kirgisistan;Tadschikistan;3;1;2012;U21-F
Litauen;Kasachstan;5;3;2012;U21-F
Iran;Moldau;3;0;2012;U21-F
Ukraine;Belarus;3;5;2012;U21-F
Russland;Lettland;2;1;2012;U21-F
Turkmenistan;Tadschikistan;1;1;2012;U21-F
Estland;Kirgisistan;0;2;2012;U21-F
Kasachstan;Moldau;5;4;2012;U21-F
Litauen;Iran;0;4;2012;U21-F
Ukraine;Lettland;3;0;2012;U21-F
Russland;Belarus;2;0;2012;U21-F
Philippinen;Myanmar;2;8;2012;U21-F
Indonesien;Laos;2;0;2012;U21-F
Malaysia;Vietnam;0;0;2012;U21-F
Brunei;Kambodscha;3;2;2012;U21-F
Laos;Philippinen;3;1;2012;U21-F
Singapur;Indonesien;1;1;2012;U21-F
Kambodscha;Vietnam;1;2;2012;U21-F
Timor-Leste;Malaysia;2;0;2012;U21-F
Myanmar;Indonesien;3;1;2012;U21-F
Singapur;Laos;0;2;2012;U21-F
Frankreich;Italien;1;1;2012;U21-F
Tuerkei;Daenemark;0;0;2012;U21-F
Brunei;Vietnam;1;2;2012;U21-F
Timor-Leste;Kambodscha;1;0;2012;U21-F
Serbien;Bosnien-Herzegowina;2;0;2012;U21-F
Bulgarien;Polen;1;0;2012;U21-F
Malta;Ungarn;1;3;2012;U21-F
Israel;Ukraine;4;0;2012;U21-F
Slowenien;Norwegen;2;2;2012;U21-F
Slowakei;Montenegro;4;1;2012;U21-F
Portugal;Ukraine;2;0;2012;U21-F
Russland;Schweden;4;1;2012;U21-F
Schweiz;Oesterreich;1;2;2012;U21-F
Laos;Myanmar;0;2;2012;U21-F
Philippinen;Singapur;1;2;2012;U21-F
Brunei;Malaysia;3;0;2012;U21-F
Vietnam;Timor-Leste;2;0;2012;U21-F
Indonesien;Philippinen;3;0;2012;U21-F
Singapur;Myanmar;0;0;2012;U21-F
Brunei;Timor-Leste;1;0;2012;U21-F
Malaysia;Kambodscha;3;1;2012;U21-F
Vietnam;Indonesien;0;2;2012;U21-F
Brunei;Myanmar;3;2;2012;U21-F
Brunei;Indonesien;2;0;2012;U21-F
Finnland;Aserbaidschan;0;1;2012;U21-F
Slowakei;Tschechien;1;2;2012;U21-F
Schottland;Italien;1;4;2012;U21-F
Ukraine;Albanien;3;0;2012;U21-F
Niederlande;Mazedonien;0;1;2012;U21-F
Mazedonien;Albanien;2;2;2012;U21-F
Niederlande;Ukraine;0;0;2012;U21-F
Irland;Daenemark;1;2;2012;U21-F
Serbien;Moldau;2;0;2012;U21-F
Belarus;Montenegro;1;2;2012;U21-F
Norwegen;Oesterreich;2;2;2012;U21-F
Portugal;Mazedonien;2;1;2012;U21-F
Malta;Liechtenstein;4;1;2012;U21-F
Deutschland;Argentinien;6;1;2012;U21-F
Schottland;Belgien;0;1;2012;U21-F
Montenegro;Slowakei;6;7;2012;U21-F
Aserbaidschan;Estland;2;0;2012;U21-F
Niederlande;Italien;0;3;2012;U21-F
Ungarn;Nordirland;3;2;2012;U21-F
Schweden;Rumaenien;0;2;2012;U21-F
Griechenland;Polen;2;0;2012;U21-F
Russland;Israel;2;2;2012;U21-F
Jordanien;Irak;0;2;2012;U21-F
Ungarn;Moldau;3;1;2012;U21-F
Griechenland;Belgien;3;1;2012;U21-F
Oesterreich;DR Kongo;5;1;2012;U21-F
Malaysia;Laos;4;2;2012;U21-F
Estland;Finnland;0;3;2012;U21-F
Vietnam;Singapur;6;1;2012;U21-F
Lettland;Litauen;0;1;2012;U21-F
Israel;Belgien;4;1;2012;U21-F
Singapur;Thailand;0;0;2012;U21-F
Finnland;Litauen;1;0;2012;U21-F
Estland;Lettland;2;1;2012;U21-F
Oesterreich;Ungarn;3;1;2012;U21-F
Portugal;Ukraine;0;1;2012;U21-F
Vietnam;Thailand;2;0;2012;U21-F
Mazedonien;Montenegro;1;0;2012;U21-F
Malaysia;Thailand;1;0;2012;U21-F
Vietnam;Malaysia;0;1;2012;U21-F
Italien;Spanien;1;3;2012;U21-F
Zypern;Rumaenien;1;1;2012;U21-F
England;Nordirland;2;0;2012;U21-F
Moldau;Aserbaidschan;1;1;2012;U21-F
Bulgarien;Mazedonien;1;1;2012;U21-F
Griechenland;Oesterreich;1;1;2012;U21-F
Ungarn;Montenegro;0;0;2012;U21-F
Tschechien;Schweden;1;1;2012;U21-F
Bosnien-Herzegowina;Polen;0;0;2012;U21-F
Israel;Belarus;2;0;2012;U21-F
Deutschland;Tuerkei;1;1;2012;U21-F
Portugal;Schottland;3;2;2012;U21-F
Slowakei;Russland;1;2;2012;U21-F
Montenegro;Serbien;2;0;2012;U21-F
Marokko;Aegypten;0;0;2012;U20-F
Tunesien;Kuwait;3;1;2012;U20-F
Marokko;Kuwait;2;0;2012;U20-F
Tunesien;Aegypten;5;1;2012;U20-F
Tunesien;Kuwait;4;0;2012;U20-F
Paraguay;Chile;1;1;2012;U20-F
Italien;Deutschland;4;3;2012;U20-F
Schweiz;Polen;1;2;2012;U20-F
Portugal;Finnland;2;1;2012;U20-F
Portugal;Finnland;1;0;2012;U20-F
Serbien;Ungarn;2;1;2012;U20-F
Chile;Peru;4;1;2012;U20-F
Tunesien;Mauretanien;5;1;2012;U20-F
Peru;Chile;1;1;2012;U20-F
Daenemark;Italien;1;3;2012;U20-F
Slowenien;Ungarn;2;2;2012;U20-F
Portugal;Schweiz;0;1;2012;U20-F
Peru;Costa Rica;2;0;2012;U20-F
Ukraine;Belarus;1;1;2012;U20-F
Ungarn;Kroatien;1;2;2012;U20-F
Serbien;Slowenien;1;0;2012;U20-F
Tuerkei;Japan;2;0;2012;U20-F
Niederlande;Aegypten;3;0;2012;U20-F
Mexiko;Marokko;4;3;2012;U20-F
Frankreich;Belarus;3;1;2012;U20-F
Niederlande;Japan;2;3;2012;U20-F
Suedafrika;Argentinien;1;3;2012;U20-F
Tuerkei;Aegypten;1;1;2012;U20-F
Ghana;Nigeria;3;2;2012;U20-F
Kenia;Japan;0;3;2012;U20-F
Brasilien;Kamerun;1;0;2012;U20-F
Belarus;Marokko;0;0;2012;U20-F
Frankreich;Mexiko;3;1;2012;U20-F
Suedafrika;Ghana;2;0;2012;U20-F
Argentinien;Nigeria;1;0;2012;U20-F
Aegypten;Japan;3;2;2012;U20-F
Niederlande;Tuerkei;1;0;2012;U20-F
Frankreich;Marokko;2;2;2012;U20-F
Belarus;Mexiko;1;2;2012;U20-F
Brasilien;Kenia;4;0;2012;U20-F
Kamerun;Japan;1;2;2012;U20-F
Suedafrika;Nigeria;1;0;2012;U20-F
Argentinien;Ghana;0;0;2012;U20-F
Niederlande;Mexiko;2;4;2012;U20-F
Brasilien;Japan;4;1;2012;U20-F
Frankreich;Tuerkei;0;1;2012;U20-F
Kamerun;Kenia;2;0;2012;U20-F
Argentinien;Japan;1;0;2012;U20-F
Frankreich;Niederlande;2;3;2012;U20-F
Suedafrika;Brasilien;3;4;2012;U20-F
Mexiko;Tuerkei;3;0;2012;U20-F
Guatemala;Honduras;2;1;2012;U20-F
Suedafrika;Japan;7;6;2012;U20-F
Brasilien;Argentinien;2;0;2012;U20-F
Uruguay;USA;4;2;2012;U20-F
Uruguay;USA;2;0;2012;U20-F
Chile;USA;2;1;2012;U20-F
Sudan;Kuwait;3;2;2012;U20-F
Jordanien;Saudi-Arabien;1;1;2012;U20-F
Katar;Mauretanien;1;4;2012;U20-F
Libyen;Algerien;0;0;2012;U20-F
Irak;Syrien;2;2;2012;U20-F
Mexiko;Kanada;3;0;2012;U20-F
Marokko;Tunesien;1;2;2012;U20-F
Sudan;Saudi-Arabien;0;3;2012;U20-F
Jordanien;Kuwait;0;1;2012;U20-F
Mauretanien;Libyen;0;1;2012;U20-F
Mexiko;Kanada;1;1;2012;U20-F
Katar;Algerien;0;5;2012;U20-F
Syrien;Tunesien;1;0;2012;U20-F
Irak;Marokko;1;2;2012;U20-F
Jordanien;Sudan;0;0;2012;U20-F
Saudi-Arabien;Kuwait;4;1;2012;U20-F
Algerien;Mauretanien;3;0;2012;U20-F
Libyen;Katar;2;1;2012;U20-F
Ghana;Aegypten;3;0;2012;U20-F
Tunesien;Irak;5;3;2012;U20-F
Marokko;Syrien;0;0;2012;U20-F
Algerien;Tunesien;2;3;2012;U20-F
Saudi-Arabien;Libyen;3;1;2012;U20-F
Algerien;Libyen;0;4;2012;U20-F
Costa Rica;Nicaragua;3;2;2012;U20-F
Tunesien;Saudi-Arabien;4;2;2012;U20-F
Honduras;Costa Rica;0;0;2012;U20-F
Honduras;Nicaragua;0;1;2012;U20-F
Guatemala;El Salvador;1;0;2012;U20-F
Bermuda;Haiti;0;3;2012;U20-F
Puerto Rico;Barbados;2;0;2012;U20-F
Kuba;Aruba;6;1;2012;U20-F
Dom. Republik;St. Kitts & Nevis;0;0;2012;U20-F
Panama;El Salvador;3;4;2012;U20-F
Haiti;Barbados;2;0;2012;U20-F
Marokko;Gambia;4;0;2012;U20-F
Puerto Rico;Bermuda;2;0;2012;U20-F
Uganda;Ghana;3;1;2012;U20-F
DR Kongo;Mauritius;3;0;2012;U20-F
Kongo;Suedafrika;2;1;2012;U20-F
Sierra Leone;Kamerun;1;1;2012;U20-F
St. Kitts & Nevis;Kuba;0;4;2012;U20-F
Dom. Republik;Aruba;6;1;2012;U20-F
Tansania;Nigeria;1;2;2012;U20-F
Simbabwe;Angola;0;1;2012;U20-F
Ruanda;Mali;2;1;2012;U20-F
Niger;Senegal;3;2;2012;U20-F
Guinea;Burkina Faso;1;2;2012;U20-F
Guatemala;Panama;0;1;2012;U20-F
Barbados;Bermuda;0;2;2012;U20-F
Aegypten;Kenia;0;0;2012;U20-F
Tunesien;Gabun;2;2;2012;U20-F
Puerto Rico;Haiti;0;0;2012;U20-F
Aruba;St. Kitts & Nevis;2;3;2012;U20-F
Dom. Republik;Kuba;0;0;2012;U20-F
Benin;Elfenbeinkueste;3;0;2012;U20-F
Saudi-Arabien;VA Emirate;1;0;2012;U20-F
Saudi-Arabien;VA Emirate;3;2;2012;U20-F
Grenada;Curacao;1;3;2012;U20-F
Trinidad & Tobago;Guyana;2;1;2012;U20-F
Antigua & Barbuda;Dominica;4;0;2012;U20-F
St. Vincent/Grenadines;Suriname;0;1;2012;U20-F
Suriname;Trinidad & Tobago;3;0;2012;U20-F
Dominica;Curacao;1;5;2012;U20-F
Antigua & Barbuda;Grenada;2;1;2012;U20-F
St. Vincent/Grenadines;Guyana;3;1;2012;U20-F
Senegal;Niger;2;0;2012;U20-F
Kenia;Aegypten;0;3;2012;U20-F
Kamerun;Sierra Leone;2;0;2012;U20-F
Gabun;Tunesien;1;0;2012;U20-F
Ghana;Uganda;3;0;2012;U20-F
Burkina Faso;Guinea;1;0;2012;U20-F
Mali;Ruanda;3;0;2012;U20-F
Suedafrika;Kongo;1;0;2012;U20-F
Mauritius;DR Kongo;0;0;2012;U20-F
Nigeria;Tansania;2;0;2012;U20-F
Elfenbeinkueste;Benin;0;0;2012;U20-F
Dominica;Grenada;1;3;2012;U20-F
Guyana;Suriname;0;1;2012;U20-F
St. Vincent/Grenadines;Trinidad & Tobago;0;3;2012;U20-F
Ukraine;Belarus;5;4;2012;U20-F
Tschechien;Polen;1;2;2012;U20-F
Tuerkei;Suedkorea;2;1;2012;U20-F
Spanien;Japan;1;2;2012;U20-F
Argentinien;Saudi-Arabien;3;2;2012;U20-F
Ecuador;Tuerkei;0;0;2012;U20-F
Argentinien;Japan;2;0;2012;U20-F
Spanien;Saudi-Arabien;3;0;2012;U20-F
Suedkorea;Ecuador;2;1;2012;U20-F
Spanien;Argentinien;1;0;2012;U20-F
Japan;Saudi-Arabien;1;3;2012;U20-F
Kolumbien;Venezuela;1;1;2012;U20-F
Peru;Paraguay;0;1;2012;U20-F
Spanien;Suedkorea;1;0;2012;U20-F
Tuerkei;Argentinien;1;2;2012;U20-F
Tuerkei;Suedkorea;0;2;2012;U20-F
Spanien;Argentinien;0;2;2012;U20-F
Venezuela;Paraguay;1;3;2012;U20-F
Peru;Kolumbien;1;1;2012;U20-F
Paraguay;Kolumbien;2;1;2012;U20-F
Peru;Venezuela;1;1;2012;U20-F
Jordanien;Syrien;1;0;2012;U20-F
Polen;Schweiz;2;1;2012;U20-F
Italien;Tuerkei;2;2;2012;U20-F
Uruguay;Paraguay;2;0;2012;U20-F
Ukraine;Tuerkei;1;0;2012;U20-F
Uruguay;Paraguay;1;1;2012;U20-F
Deutschland;Polen;2;2;2012;U20-F
Ukraine;Tuerkei;5;0;2012;U20-F
Suedafrika;Botswana;4;0;2012;U20-F
Schweiz;Italien;0;2;2012;U20-F
Ungarn;Serbien;3;3;2012;U20-F
Suedafrika;Nigeria;1;1;2012;U20-F
Sambia;Mali;2;2;2012;U20-F
Kamerun;DR Kongo;2;0;2012;U20-F
Burkina Faso;Gabun;2;2;2012;U20-F
Aegypten;Angola;2;1;2012;U20-F
Ghana;Marokko;4;1;2012;U20-F
Benin;Senegal;3;1;2012;U20-F
DR Kongo;Kamerun;4;1;2012;U20-F
Gabun;Burkina Faso;2;0;2012;U20-F
Senegal;Benin;0;1;2012;U20-F
Nigeria;Suedafrika;3;1;2012;U20-F
Angola;Aegypten;0;0;2012;U20-F
Marokko;Ghana;3;1;2012;U20-F
Uruguay;Peru;0;0;2012;U20-F
Chile;Kolumbien;2;2;2012;U20-F
Argentinien;Mexiko;0;0;2012;U20-F
USA;Kanada;1;2;2012;U20-F
Schweiz;Polen;2;2;2012;U20-F
Deutschland;Italien;4;1;2012;U20-F
Uruguay;Peru;2;1;2012;U20-F
Portugal;Australien;2;1;2012;U20-F
Chile;Mexiko;3;2;2012;U20-F
Argentinien;Kolumbien;1;1;2012;U20-F
Mexiko;Kolumbien;2;1;2012;U20-F
Chile;Argentinien;1;2;2012;U20-F
Portugal;Australien;4;1;2012;U20-F
Italien;Iran;4;2;2012;U20-F
Brasilien;Paraguay;5;3;2012;U20-F
Tuerkei;Daenemark;1;1;2012;U20-F
Kroatien;Slowenien;2;1;2012;U20-F
Italien;Schweiz;4;1;2012;U20-F
Polen;Deutschland;2;1;2012;U20-F
Portugal;Mali;2;1;2012;U20-F
Algerien;Niger;2;0;2012;U20-F
Tunesien;Marokko;2;1;2012;U20-F
Peru;El Salvador;4;0;2012;U20-F
Tuerkei;Kroatien;3;0;2012;U20-F
Tuerkei;Kroatien;1;0;2012;U20-F
Uruguay;Chile;2;2;2012;U20-F
Tunesien;Libyen;0;1;2013;U21-F
Belarus;Lettland;3;0;2013;U21-F
Estland;Tadschikistan;0;1;2013;U21-F
Kirgisistan;Kasachstan;1;3;2013;U21-F
Ukraine;Litauen;3;0;2013;U21-F
Moldau;Turkmenistan;2;1;2013;U21-F
Estland;Belarus;1;2;2013;U21-F
Tadschikistan;Lettland;1;0;2013;U21-F
Moldau;Ukraine;0;2;2013;U21-F
Litauen;Turkmenistan;0;0;2013;U21-F
Russland;Kirgisistan;0;0;2013;U21-F
Belarus;Tadschikistan;5;2;2013;U21-F
Lettland;Estland;1;0;2013;U21-F
Russland;Kasachstan;7;3;2013;U21-F
Ukraine;Turkmenistan;5;0;2013;U21-F
Litauen;Moldau;2;0;2013;U21-F
Belarus;Kasachstan;2;1;2013;U21-F
Tadschikistan;Litauen;2;4;2013;U21-F
Ukraine;Moldau;5;0;2013;U21-F
Tunesien;Aegypten;1;1;2013;U21-F
Estland;Turkmenistan;2;1;2013;U21-F
Kirgisistan;Lettland;5;3;2013;U21-F
Tadschikistan;Moldau;1;3;2013;U21-F
Litauen;Ukraine;1;2;2013;U21-F
Russland;Belarus;2;1;2013;U21-F
Tunesien;Aegypten;1;2;2013;U21-F
Turkmenistan;Lettland;0;4;2013;U21-F
Estland;Kirgisistan;3;4;2013;U21-F
Kasachstan;Moldau;0;1;2013;U21-F
Belarus;Litauen;2;0;2013;U21-F
Russland;Ukraine;4;2;2013;U21-F
Kroatien;Niederlande;2;3;2013;U21-F
Belgien;Spanien;1;1;2013;U21-F
England;Schweden;4;0;2013;U21-F
Tuerkei;Norwegen;2;0;2013;U21-F
Griechenland;Schottland;1;1;2013;U21-F
Albanien;Mazedonien;0;0;2013;U21-F
Malta;Oesterreich;1;3;2013;U21-F
Wales;Island;3;0;2013;U21-F
Israel;Serbien;0;0;2013;U21-F
Moldau;Rumaenien;0;3;2013;U21-F
Portugal;Slowenien;0;0;2013;U21-F
Italien;Deutschland;1;0;2013;U21-F
Schweiz;Slowakei;0;1;2013;U21-F
Russland;Norwegen;1;2;2013;U21-F
Honduras;Panama;1;1;2013;U21-F
El Salvador;Nicaragua;5;0;2013;U21-F
Costa Rica;Belize;3;0;2013;U21-F
Panama;Guatemala;0;1;2013;U21-F
Belize;El Salvador;1;1;2013;U21-F
Costa Rica;Nicaragua;2;0;2013;U21-F
Guatemala;Honduras;0;1;2013;U21-F
Nicaragua;Belize;1;2;2013;U21-F
Costa Rica;El Salvador;3;0;2013;U21-F
Honduras;El Salvador;3;0;2013;U21-F
Costa Rica;Guatemala;2;1;2013;U21-F
El Salvador;Guatemala;2;1;2013;U21-F
Costa Rica;Honduras;0;1;2013;U21-F
Oesterreich;Slowakei;1;0;2013;U21-F
Portugal;Schweden;0;1;2013;U21-F
Israel;Niederlande;1;2;2013;U21-F
England;Rumaenien;3;0;2013;U21-F
Spanien;Norwegen;5;2;2013;U21-F
Tschechien;Ukraine;1;1;2013;U21-F
Italien;Russland;2;0;2013;U21-F
Polen;Litauen;3;0;2013;U21-F
Tuerkei;Mazedonien;5;3;2013;U21-F
Kroatien;Schweden;3;0;2013;U21-F
Israel;Deutschland;1;2;2013;U21-F
Serbien;Montenegro;0;0;2013;U21-F
Slowakei;Slowenien;1;2;2013;U21-F
Daenemark;Norwegen;2;0;2013;U21-F
Italien;Ukraine;1;0;2013;U21-F
Niederlande;Norwegen;4;1;2013;U21-F
Irland;Portugal;1;2;2013;U21-F
Spanien;Russland;3;1;2013;U21-F
England;Oesterreich;4;0;2013;U21-F
Frankreich;Rumaenien;3;0;2013;U21-F
Ungarn;Finnland;2;0;2013;U21-F
Bulgarien;Serbien;0;2;2013;U21-F
Polen;Lettland;4;1;2013;U21-F
Bosnien-Herzegowina;Mazedonien;5;0;2013;U21-F
Tschechien;Tuerkei;0;0;2013;U21-F
Tschechien;Slowakei;1;0;2013;U21-F
Niederlande;Australien;3;1;2013;U21-F
Israel;Slowakei;1;0;2013;U21-F
Daenemark;Irland;0;0;2013;U21-F
Portugal;Kroatien;2;0;2013;U21-F
Tschechien;Oesterreich;0;3;2013;U21-F
Bosnien-Herzegowina;Serbien;1;1;2013;U21-F
Ukraine;Slowenien;2;1;2013;U21-F
Estland;Kasachstan;1;1;2013;U21-F
Ukraine;Oesterreich;0;1;2013;U21-F
Slowenien;Tschechien;0;1;2013;U21-F
Norwegen;Finnland;2;0;2013;U21-F
Schweden;Schweiz;3;2;2013;U21-F
Norwegen;Polen;4;2;2013;U21-F
Ukraine;Griechenland;4;0;2013;U21-F
Rumaenien;Zypern;0;2;2013;U21-F
Belgien;Israel;1;1;2013;U21-F
Deutschland;Frankreich;0;0;2013;U21-F
England;Schottland;6;0;2013;U21-F
Nordirland;Daenemark;1;4;2013;U21-F
Schweden;Norwegen;0;2;2013;U21-F
Slowakei;Italien;1;4;2013;U21-F
Serbien;Mazedonien;4;1;2013;U21-F
Tschechien;Niederlande;1;0;2013;U21-F
Portugal;Schweiz;5;2;2013;U21-F
Portugal;Polen;6;1;2013;U21-F
Niederlande;Oesterreich;0;3;2013;U21-F
Singapur;Myanmar;2;2;2013;U21-F
Vietnam;Malaysia;5;1;2013;U21-F
Oesterreich;Tuerkei;2;0;2013;U21-F
Zypern;Tschechien;0;3;2013;U21-F
Frankreich;Niederlande;1;1;2013;U21-F
Frankreich;Portugal;2;0;2013;U20-F
Italien;Deutschland;0;2;2013;U20-F
Kroatien;Italien;3;1;2013;U20-F
Tuerkei;Usbekistan;5;2;2013;U20-F
Slowenien;Italien;2;0;2013;U20-F
Frankreich;Daenemark;3;1;2013;U20-F
Deutschland;Schweiz;2;1;2013;U20-F
Tuerkei;Portugal;2;1;2013;U20-F
Tuerkei;Portugal;1;1;2013;U20-F
Schweiz;Deutschland;2;3;2013;U20-F
Polen;Italien;1;3;2013;U20-F
Uruguay;Chile;1;2;2013;U20-F
Slowenien;Kroatien;1;4;2013;U20-F
Portugal;Usbekistan;0;2;2013;U20-F
Portugal;Usbekistan;1;1;2013;U20-F
Paraguay;Uruguay;2;0;2013;U20-F
Spanien;Paraguay;3;1;2013;U20-F
Namibia;Sambia;1;0;2013;U20-F
Kolumbien;Suedkorea;1;0;2013;U20-F
Frankreich;USA;4;1;2013;U20-F
Mexiko;Nigeria;2;0;2013;U20-F
Belgien;Brasilien;1;2;2013;U20-F
Kolumbien;USA;2;1;2013;U20-F
Frankreich;DR Kongo;1;0;2013;U20-F
Belgien;Portugal;0;2;2013;U20-F
Brasilien;Mexiko;1;0;2013;U20-F
DR Kongo;USA;0;1;2013;U20-F
Frankreich;Suedkorea;0;0;2013;U20-F
Belgien;Nigeria;1;1;2013;U20-F
Brasilien;Portugal;2;0;2013;U20-F
DR Kongo;Suedkorea;1;2;2013;U20-F
Frankreich;Kolumbien;1;3;2013;U20-F
Mexiko;Portugal;3;3;2013;U20-F
Brasilien;Nigeria;1;1;2013;U20-F
Italien;Polen;6;1;2013;U20-F
Suedkorea;USA;1;0;2013;U20-F
Kolumbien;DR Kongo;1;0;2013;U20-F
Nigeria;Portugal;1;2;2013;U20-F
Belgien;Mexiko;1;1;2013;U20-F
Frankreich;Portugal;2;1;2013;U20-F
Kolumbien;Brasilien;0;1;2013;U20-F
Uruguay;Irak;0;0;2013;U20-F
Chile;Usbekistan;2;2;2013;U20-F
Frankreich;Griechenland;3;1;2013;U20-F
Spanien;Usbekistan;3;2;2013;U20-F
Chile;DR Kongo;3;0;2013;U20-F
Irak;Neuseeland;5;3;2013;U20-F
Uruguay;El Salvador;1;0;2013;U20-F
Portugal;USA;1;3;2013;U20-F
Tuerkei;Paraguay;0;1;2013;U20-F
Spanien;Chile;4;4;2013;U20-F
Frankreich;Kolumbien;2;2;2013;U20-F
Aegypten;Kosovo;8;0;2013;U20-F
Brasilien;Ghana;4;3;2013;U20-F
Australien;Chile;1;3;2013;U20-F
Aegypten;Neuseeland;2;1;2013;U20-F
Japan;Kanada;0;1;2013;U20-F
Argentinien;Belarus;1;0;2013;U20-F
Spanien;Saudi-Arabien;1;0;2013;U20-F
Mexiko;Australien;4;2;2013;U20-F
Belarus;Bulgarien;0;1;2013;U20-F
Kanada;Argentinien;0;2;2013;U20-F
Saudi-Arabien;Mexiko;0;1;2013;U20-F
Katar;Spanien;0;4;2013;U20-F
Argentinien;Saudi-Arabien;3;1;2013;U20-F
Bulgarien;Kanada;1;2;2013;U20-F
Belarus;Japan;1;1;2013;U20-F
Argentinien;Bulgarien;3;0;2013;U20-F
Spanien;Australien;3;2;2013;U20-F
Deutschland;Polen;2;0;2013;U20-F
Schweiz;Italien;3;3;2013;U20-F
Schweiz;Deutschland;1;0;2013;U20-F
Polen;Italien;0;3;2013;U20-F
Deutschland;Tuerkei;3;0;2013;U20-F
Niederlande;Tschechien;0;1;2013;U20-F
Schweiz;Polen;1;2;2013;U20-F
Niederlande;Deutschland;0;4;2013;U20-F
Tschechien;Deutschland;1;1;2013;U20-F
Niederlande;Tuerkei;2;3;2013;U20-F
Italien;Schweiz;1;1;2013;U20-F
Italien;Deutschland;1;1;2013;U20-F
Polen;Schweiz;4;0;2013;U20-F
Polen;Deutschland;0;1;2013;U20-F
Italien;Iran;5;0;2013;U20-F
Estland;Tadschikistan;2;2;2014;U21-F
Ukraine;Kirgisistan;2;0;2014;U21-F
Russland;Moldau;3;0;2014;U21-F
Belarus;Kasachstan;4;1;2014;U21-F
Ukraine;Estland;2;0;2014;U21-F
Kirgisistan;Tadschikistan;2;2;2014;U21-F
Belarus;Lettland;0;1;2014;U21-F
Russland;Litauen;3;0;2014;U21-F
Estland;Kirgisistan;3;0;2014;U21-F
Tadschikistan;Ukraine;1;4;2014;U21-F
Moldau;Litauen;0;1;2014;U21-F
Lettland;Kasachstan;0;0;2014;U21-F
Ukraine;Litauen;4;1;2014;U21-F
Lettland;Estland;0;2;2014;U21-F
Russland;Kasachstan;3;1;2014;U21-F
Moldau;Tadschikistan;2;1;2014;U21-F
Lettland;Kasachstan;1;3;2014;U21-F
Ukraine;Belarus;1;0;2014;U21-F
Estland;Russland;0;3;2014;U21-F
Kirgisistan;Tadschikistan;2;4;2014;U21-F
Litauen;Lettland;1;0;2014;U21-F
Belarus;Estland;2;0;2014;U21-F
Ukraine;Russland;4;0;2014;U21-F
Portugal;Slowakei;2;0;2014;U21-F
Spanien;Deutschland;2;0;2014;U21-F
Zypern;Lettland;1;0;2014;U21-F
Slowenien;Kroatien;2;1;2014;U21-F
Tschechien;Norwegen;1;2;2014;U21-F
Polen;Litauen;5;0;2014;U21-F
Niederlande;Israel;0;1;2014;U21-F
Slowakei;Tschechien;3;1;2014;U21-F
Ukraine;Moldau;3;1;2014;U21-F
Mexiko;Portugal;0;2;2014;U21-F
Frankreich;Chile;3;0;2014;U21-F
Brasilien;Suedkorea;2;0;2014;U21-F
Daenemark;Schweiz;0;2;2014;U21-F
England;Katar;3;0;2014;U21-F
Serbien;Israel;2;3;2014;U21-F
Portugal;Chile;3;1;2014;U21-F
Frankreich;China;1;1;2014;U21-F
Suedkorea;Katar;1;1;2014;U21-F
China;Chile;3;3;2014;U21-F
Frankreich;Mexiko;2;0;2014;U21-F
Kolumbien;Suedkorea;0;1;2014;U21-F
England;Brasilien;1;2;2014;U21-F
Russland;Israel;2;3;2014;U21-F
Chile;Mexiko;2;2;2014;U21-F
China;Portugal;1;4;2014;U21-F
Kolumbien;Katar;1;1;2014;U21-F
England;Suedkorea;1;1;2014;U21-F
Oesterreich;Serbien;2;2;2014;U21-F
China;Mexiko;0;1;2014;U21-F
Frankreich;Portugal;2;1;2014;U21-F
England;Kolumbien;1;1;2014;U21-F
Brasilien;Katar;7;0;2014;U21-F
Portugal;England;1;0;2014;U21-F
Frankreich;Brasilien;2;5;2014;U21-F
Tschechien;Oesterreich;0;1;2014;U21-F
Italien;Montenegro;4;0;2014;U21-F
Polen;Bosnien-Herzegowina;1;0;2014;U21-F
Island;Schweden;0;2;2014;U21-F
Schweden;Slowakei;1;0;2014;U21-F
Moldau;Belarus;1;0;2014;U21-F
Kroatien;Montenegro;0;0;2014;U21-F
Rumaenien;Italien;2;1;2014;U21-F
Belarus;Liechtenstein;5;0;2014;U21-F
Rumaenien;Albanien;3;1;2014;U21-F
Norwegen;Irland;4;1;2014;U21-F
Oesterreich;DR Kongo;3;0;2014;U21-F
Norwegen;Ungarn;2;1;2014;U21-F
Mazedonien;Rumaenien;2;1;2014;U21-F
Singapur;Thailand;2;2;2014;U21-F
Vietnam;Thailand;1;1;2014;U21-F
Malaysia;Thailand;3;3;2014;U21-F
Vietnam;Malaysia;2;1;2014;U21-F
Russland;USA;3;4;2014;U21-F
Spanien;Belgien;1;4;2014;U21-F
Ukraine;Tuerkei;2;0;2014;U21-F
Kroatien;Norwegen;3;0;2014;U21-F
Deutschland;Niederlande;3;1;2014;U21-F
England;Portugal;3;1;2014;U21-F
Zypern;Schweden;1;1;2014;U21-F
Tschechien;Daenemark;2;2;2014;U21-F
Oesterreich;Tschechien;4;2;2014;U21-F
Litauen;Belarus;1;0;2014;U21-F
Suedkorea;Brasilien;0;3;2014;U21-F
Mazedonien;Montenegro;1;0;2014;U21-F
Italien;Daenemark;0;1;2014;U21-F
Litauen;Belarus;1;1;2014;U21-F
Russland;Irland;2;2;2014;U21-F
Belgien;Norwegen;4;0;2014;U21-F
Frankreich;England;3;2;2014;U21-F
Tschechien;Deutschland;1;1;2014;U21-F
Oesterreich;Schweden;2;4;2014;U21-F
Schweiz;Schottland;1;1;2014;U21-F
Jamaika;El Salvador;1;3;2014;U21-F
Mexiko;Honduras;5;2;2014;U21-F
Costa Rica;Kuba;1;2;2014;U21-F
Haiti;Venezuela;0;4;2014;U21-F
Honduras;Jamaika;3;2;2014;U21-F
Mexiko;El Salvador;2;0;2014;U21-F
Kuba;Haiti;2;0;2014;U21-F
Venezuela;Costa Rica;1;0;2014;U21-F
El Salvador;Honduras;0;2;2014;U21-F
Mexiko;Jamaika;5;0;2014;U21-F
Costa Rica;Haiti;2;2;2014;U21-F
Kuba;Venezuela;0;0;2014;U21-F
Tadschikistan;Indonesien;1;1;2014;U21-F
Italien;Polen;0;1;2014;U20-F
Deutschland;Schweiz;3;2;2014;U20-F
Deutschland;Italien;0;3;2014;U20-F
Uruguay;Chile;3;0;2014;U20-F
Paraguay;Uruguay;1;1;2014;U20-F
Paraguay;Uruguay;1;2;2014;U20-F
Peru;Uruguay;1;0;2014;U20-F
Peru;Uruguay;1;1;2014;U20-F
Ecuador;China;2;1;2014;U20-F
Brasilien;Katar;1;1;2014;U20-F
Brasilien;Ecuador;0;0;2014;U20-F
Ecuador;Katar;0;1;2014;U20-F
Brasilien;China;4;0;2014;U20-F
Deutschland;Italien;0;1;2014;U20-F
Polen;Schweiz;1;1;2014;U20-F
Niederlande;Tschechien;0;1;2014;U20-F
Schweiz;Deutschland;0;0;2014;U20-F
Italien;Polen;1;3;2014;U20-F
Uruguay;Peru;1;2;2014;U20-F
Uruguay;Peru;1;0;2014;U20-F
Tschechien;Frankreich;1;1;2014;U20-F
Deutschland;England;0;1;2014;U20-F
Tschechien;Frankreich;1;2;2014;U20-F
Polen;Italien;2;1;2014;U20-F
Niederlande;Tuerkei;2;2;2014;U20-F
Kolumbien;Mexiko;5;0;2014;U20-F
Chile;Uruguay;3;0;2014;U20-F
Deutschland;Tuerkei;1;0;2014;U20-F
Niederlande;England;2;3;2014;U20-F
Uruguay;Kolumbien;0;2;2014;U20-F
Chile;Mexiko;1;2;2014;U20-F
Schweiz;Polen;1;2;2014;U20-F
Niederlande;Deutschland;1;1;2014;U20-F
England;Tuerkei;1;1;2014;U20-F
England;Kanada;2;2;2014;U20-F
Paraguay;Chile;0;0;2014;U20-F
Deutschland;Schweiz;1;1;2014;U20-F
Portugal;England;3;4;2014;U20-F
Kanada;USA;1;0;2014;U20-F
Polen;Deutschland;0;2;2014;U20-F
Peru;Uruguay;3;1;2014;U20-F
Paraguay;Panama;0;1;2014;U20-F
Peru;Panama;1;1;2014;U20-F
Paraguay;Uruguay;0;1;2014;U20-F
Panama;Uruguay;0;2;2014;U20-F
Paraguay;Peru;4;0;2014;U20-F
Paraguay;Peru;2;1;2014;U20-F
Uruguay;Panama;5;3;2014;U20-F
Panama;El Salvador;0;0;2014;U20-F
Panama;El Salvador;3;0;2014;U20-F
Paraguay;Jamaika;3;1;2014;U20-F
Venezuela;Peru;2;3;2014;U20-F
Honduras;USA;1;2;2014;U20-F
Venezuela;Paraguay;2;3;2014;U20-F
Peru;Jamaika;5;1;2014;U20-F
Paraguay;Peru;3;1;2014;U20-F
Venezuela;Jamaika;4;0;2014;U20-F
Belarus;Kirgisistan;0;1;2016;U21-F
Kasachstan;Moldau;0;1;2016;U21-F
Lettland;Estland;1;2;2016;U21-F
Russland;Tadschikistan;2;1;2016;U21-F
Moldau;Kirgisistan;2;0;2016;U21-F
Kasachstan;Belarus;0;0;2016;U21-F
Tadschikistan;Estland;1;4;2016;U21-F
Russland;Lettland;2;1;2016;U21-F
Belarus;Moldau;2;1;2016;U21-F
Kirgisistan;Kasachstan;2;2;2016;U21-F
Lettland;Tadschikistan;3;2;2016;U21-F
Estland;Russland;1;2;2016;U21-F
Ukraine;Aserbaidschan;1;2;2016;U21-F
Aserbaidschan;Albanien;4;0;2016;U21-F
Ukraine;Albanien;2;1;2016;U21-F
Polen;Finnland;1;0;2016;U21-F
Oesterreich;Ukraine;0;1;2016;U21-F
Norwegen;Niederlande;0;1;2016;U21-F
Polen;Belarus;3;0;2016;U21-F
Georgien;Ukraine;3;3;2016;U21-F
Niederlande;Serbien;1;0;2016;U21-F
Spanien;Norwegen;1;0;2016;U21-F
Tschechien;Albanien;1;1;2016;U21-F
Slowenien;Aserbaidschan;4;1;2016;U21-F
Serbien;Oesterreich;3;1;2016;U21-F
Slowenien;Aserbaidschan;1;2;2016;U21-F
Lettland;Litauen;2;0;2016;U21-F
Ukraine;Israel;4;5;2016;U21-F
Mazedonien;Belarus;1;1;2016;U21-F
Serbien;Israel;2;3;2016;U21-F
Zypern;Bulgarien;3;0;2016;U21-F
Oesterreich;Ukraine;3;5;2016;U21-F
Italien;Frankreich;0;1;2016;U21-F
Thailand;Vietnam;2;0;2016;U21-F
Malaysia;Singapur;3;0;2016;U21-F
Aserbaidschan;Bosnien-Herzegowina;0;0;2016;U21-F
Estland;Lettland;0;0;2016;U21-F
Vietnam;Singapur;5;4;2016;U21-F
Thailand;Malaysia;2;1;2016;U21-F
Bulgarien;Norwegen;0;2;2016;U21-F
Singapur;Hongkong;5;0;2016;U21-F
Usbekistan;Hongkong;4;0;2016;U21-F
Singapur;Iran;0;1;2016;U21-F
Belarus;Moldau;1;1;2016;U21-F
Italien;Albanien;0;0;2016;U21-F
Singapur;Bahrain;0;1;2016;U21-F
Polen;Ungarn;1;1;2016;U21-F
Zypern;Myanmar;3;1;2016;U21-F
Frankreich;Georgien;5;1;2016;U21-F
Polen;Montenegro;6;0;2016;U21-F
Slowakei;Schottland;4;0;2016;U21-F
Bosnien-Herzegowina;Montenegro;2;0;2016;U21-F
Schweiz;Russland;2;1;2016;U21-F
Deutschland;Tuerkei;1;0;2016;U21-F
Frankreich;Elfenbeinkueste;5;1;2016;U21-F
England;Italien;3;2;2016;U21-F
Zypern;Griechenland;2;2;2016;U21-F
Ukraine;Belarus;1;0;2016;U21-F
Portugal;Tschechien;3;1;2016;U21-F
Montenegro;Serbien;1;2;2016;U21-F
Schweiz;Russland;3;2;2016;U21-F
Italien;Daenemark;0;0;2016;U21-F
Frankreich;England;3;2;2016;U21-F
Irland;Slowakei;2;3;2016;U21-F
Malta;Zypern;2;2;2016;U21-F
Polen;Deutschland;1;0;2016;U21-F
Niederlande;Portugal;1;1;2016;U21-F
Zypern;Russland;1;1;2016;U21-F
Algerien;Aegypten;2;3;2016;U20-F
Algerien;Aegypten;1;1;2016;U20-F
Paraguay;Uruguay;4;3;2016;U20-F
Deutschland;Schweiz;1;1;2016;U20-F
Polen;Italien;0;3;2016;U20-F
Paraguay;Uruguay;2;2;2016;U20-F
Portugal;Niederlande;1;1;2016;U20-F
Tschechien;Frankreich;0;2;2016;U20-F
Schweiz;Deutschland;1;1;2016;U20-F
England;Kanada;1;2;2016;U20-F
Italien;Daenemark;2;0;2016;U20-F
Tschechien;Slowakei;0;2;2016;U20-F
Tunesien;Elfenbeinkueste;1;1;2016;U20-F
Japan;Brasilien;2;2;2016;U20-F
Mauretanien;Mali;0;3;2016;U20-F
Uruguay;Chile;3;0;2016;U20-F
Uruguay;Chile;2;2;2016;U20-F
Panama;Peru;1;3;2016;U20-F
Uruguay;Guatemala;1;0;2016;U20-F
Paraguay;Chile;1;1;2016;U20-F
Paraguay;Chile;3;0;2016;U20-F
Panama;Japan;0;0;2016;U20-F
USA;Costa Rica;2;0;2016;U20-F
Costa Rica;Japan;0;3;2016;U20-F
USA;Panama;4;0;2016;U20-F
Costa Rica;Panama;0;0;2016;U20-F
USA;Japan;2;1;2016;U20-F
Mexiko;Costa Rica;0;0;2016;U20-F
Venezuela;Mauretanien;2;0;2016;U20-F
Spanien;Bahrain;3;0;2016;U20-F
Argentinien;Katar;2;0;2016;U20-F
USA;Venezuela;0;2;2016;U20-F
Spanien;Mauretanien;3;1;2016;U20-F
Mexiko;Katar;0;0;2016;U20-F
Bahrain;Venezuela;0;0;2016;U20-F
USA;Mauretanien;1;0;2016;U20-F
Argentinien;Mexiko;1;1;2016;U20-F
Spanien;USA;0;1;2016;U20-F
Bahrain;Mauretanien;2;1;2016;U20-F
Argentinien;Costa Rica;1;0;2016;U20-F
Spanien;Venezuela;2;1;2016;U20-F
USA;Bahrain;1;3;2016;U20-F
Katar;Costa Rica;2;0;2016;U20-F
Spanien;Katar;2;0;2016;U20-F
Frankreich;Japan;0;3;2016;U20-F
Deutschland;Italien;0;1;2016;U20-F
Schweiz;Polen;2;2;2016;U20-F
Niederlande;Tschechien;4;1;2016;U20-F
Frankreich;Japan;4;1;2016;U20-F
Niederlande;Tschechien;1;1;2016;U20-F
England;Brasilien;1;2;2016;U20-F
Polen;Deutschland;3;0;2016;U20-F
USA;Deutschland;0;1;2016;U20-F
England;Niederlande;2;0;2016;U20-F
Uruguay;Venezuela;3;1;2016;U20-F
Italien;Polen;3;0;2016;U20-F
Finnland;Daenemark;1;3;2016;U20-F
Niederlande;USA;5;3;2016;U20-F
England;Deutschland;3;1;2016;U20-F
Finnland;Schweden;1;2;2016;U20-F
Schweden;Daenemark;0;1;2016;U20-F
Deutschland;Niederlande;2;4;2016;U20-F
England;USA;2;0;2016;U20-F
Italien;Schweiz;2;4;2016;U20-F
Venezuela;Kolumbien;1;0;2016;U20-F
Peru;Paraguay;1;2;2016;U20-F
Italien;Deutschland;0;1;2016;U20-F
Polen;Schweiz;2;0;2016;U20-F
Frankreich;Niederlande;0;0;2016;U20-F
Paraguay;Kolumbien;0;1;2016;U20-F
Venezuela;Peru;2;2;2016;U20-F
Paraguay;Venezuela;1;5;2016;U20-F
Peru;Kolumbien;0;2;2016;U20-F
Deutschland;Polen;4;0;2016;U20-F
Frankreich;Niederlande;1;1;2016;U20-F
Schweiz;Italien;0;1;2016;U20-F
Suedafrika;Kenia;3;1;2016;U20-F
Swasiland;Botswana;2;0;2016;U20-F
Simbabwe;Sambia;1;5;2016;U20-F
Suedafrika;Lesotho;8;0;2016;U20-F
DR Kongo;Mosambik;0;0;2016;U20-F
Seychellen;Mauritius;0;2;2016;U20-F
Angola;Sudan;1;0;2016;U20-F
Malawi;Simbabwe;0;0;2016;U20-F
Suedafrika;Swasiland;1;0;2016;U20-F
Mosambik;Komoren;2;2;2016;U20-F
Angola;Seychellen;4;0;2016;U20-F
Sudan;Mauritius;1;1;2016;U20-F
Lesotho;Botswana;1;0;2016;U20-F
Sambia;Malawi;3;0;2016;U20-F
Komoren;DR Kongo;0;2;2016;U20-F
Mauritius;Angola;1;1;2016;U20-F
Sudan;Seychellen;5;0;2016;U20-F
Botswana;Suedafrika;0;1;2016;U20-F
Lesotho;Swasiland;2;1;2016;U20-F
Griechenland;Ungarn;2;1;2017;U21-F
Georgien;Island;3;1;2017;U21-F
Zypern;Israel;1;0;2017;U21-F
Kroatien;Slowenien;3;0;2017;U21-F
Luxemburg;Malta;5;0;2017;U21-F
Spanien;Daenemark;3;1;2017;U21-F
Polen;Italien;1;2;2017;U21-F
Mazedonien;Montenegro;2;0;2017;U21-F
Tuerkei;Ukraine;1;1;2017;U21-F
Niederlande;Finnland;2;0;2017;U21-F
Russland;Rumaenien;5;1;2017;U21-F
Tschechien;Slowakei;4;1;2017;U21-F
Oesterreich;Australien;1;1;2017;U21-F
Portugal;Norwegen;3;1;2017;U21-F
Deutschland;England;1;0;2017;U21-F
Schweden;Serbien;0;2;2017;U21-F
Georgien;Island;4;4;2017;U21-F
Litauen;Belarus;1;2;2017;U21-F
Lettland;Belarus;4;3;2017;U21-F
Rumaenien;Daenemark;0;2;2017;U21-F
Albanien;Moldau;2;0;2017;U21-F
Niederlande;Oesterreich;0;1;2017;U21-F
Polen;Tschechien;1;2;2017;U21-F
Daenemark;England;0;4;2017;U21-F
Italien;Spanien;1;2;2017;U21-F
Mazedonien;Bulgarien;1;0;2017;U21-F
Tuerkei;Aserbaidschan;4;0;2017;U21-F
Litauen;Lettland;3;0;2017;U21-F
Slowakei;Serbien;2;1;2017;U21-F
Deutschland;Portugal;0;1;2017;U21-F
Norwegen;Russland;0;2;2017;U21-F
Slowakei;Ungarn;4;0;2017;U21-F
Russland;Belarus;7;0;2017;U21-F
Tschechien;Zypern;1;0;2017;U21-F
Armenien;Moldau;1;0;2017;U21-F
Aserbaidschan;Tschechien;0;5;2017;U21-F
Israel;Serbien;0;0;2017;U21-F
Albanien;Frankreich;0;3;2017;U21-F
Slowenien;Finnland;0;1;2017;U21-F
Ukraine;Montenegro;2;1;2017;U21-F
Slowenien;Montenegro;2;3;2017;U21-F
Ukraine;Finnland;3;5;2017;U21-F
Bulgarien;Georgien;1;0;2017;U21-F
Aserbaidschan;Tschechien;1;2;2017;U21-F
Frankreich;Kamerun;3;1;2017;U21-F
Serbien;Griechenland;3;1;2017;U21-F
Daenemark;Schweden;2;0;2017;U21-F
Tschechien;Schottland;0;3;2017;U21-F
Bulgarien;Griechenland;0;1;2017;U21-F
Oesterreich;Ungarn;2;1;2017;U21-F
Montenegro;Georgien;3;2;2017;U21-F
Moldau;Zypern;2;1;2017;U21-F
Tschechien;Tuerkei;1;1;2017;U21-F
Deutschland;Ungarn;1;2;2017;U21-F
Frankreich;Chile;1;1;2017;U21-F
Spanien;Italien;3;0;2017;U21-F
Oesterreich;Finnland;2;2;2017;U21-F
Oesterreich;Kroatien;1;1;2017;U21-F
Italien;Slowenien;4;1;2017;U21-F
Montenegro;Bosnien-Herzegowina;1;1;2017;U21-F
Ungarn;Italien;2;6;2017;U21-F
Italien;Marokko;4;0;2017;U21-F
Belarus;Litauen;0;0;2017;U21-F
Italien;Russland;3;2;2017;U21-F
Panama;Costa Rica;0;1;2017;U21-F
Nicaragua;Belize;1;1;2017;U21-F
Panama;El Salvador;0;0;2017;U21-F
Belize;Honduras;0;5;2017;U21-F
Costa Rica;El Salvador;0;0;2017;U21-F
Nicaragua;Honduras;0;0;2017;U21-F
Honduras;El Salvador;2;1;2017;U21-F
Nicaragua;Costa Rica;0;1;2017;U21-F
Vietnam;Thailand;0;1;2017;U21-F
Nicaragua;El Salvador;0;1;2017;U21-F
Costa Rica;Honduras;0;1;2017;U21-F
Thailand;Myanmar;0;1;2017;U21-F
Vietnam;Myanmar;2;0;2017;U21-F
Thailand;Myanmar;2;4;2017;U21-F
Panama;Kanada;0;1;2017;U20-F
Panama;Kanada;2;1;2017;U20-F
Portugal;Suedkorea;1;1;2017;U20-F
Slowakei;Serbien;2;0;2017;U20-F
Uruguay;Argentinien;0;1;2017;U20-F
Polen;Italien;3;1;2017;U20-F
England;Portugal;2;2;2017;U20-F
Deutschland;Schweiz;1;0;2017;U20-F
Frankreich;Senegal;3;0;2017;U20-F
Tschechien;Daenemark;1;2;2017;U20-F
Sambia;Ecuador;2;0;2017;U20-F
Suedkorea;Honduras;3;2;2017;U20-F
Portugal;Senegal;0;3;2017;U20-F
Frankreich;England;0;1;2017;U20-F
Ecuador;Honduras;2;1;2017;U20-F
Suedkorea;Sambia;4;1;2017;U20-F
Polen;Griechenland;2;1;2017;U20-F
Schweiz;Deutschland;2;1;2017;U20-F
Senegal;England;0;2;2017;U20-F
Frankreich;Portugal;2;2;2017;U20-F
Sambia;Honduras;4;1;2017;U20-F
Suedkorea;Ecuador;0;2;2017;U20-F
China;Uruguay;1;3;2017;U20-F
Vietnam;Argentinien;1;4;2017;U20-F
Suedkorea;Uruguay;2;0;2017;U20-F
Suedkorea;Senegal;2;2;2017;U20-F
Elfenbeinkueste;Bahrain;1;0;2017;U20-F
Bahrain;Wales;0;1;2017;U20-F
Frankreich;Elfenbeinkueste;1;2;2017;U20-F
Schottland;Brasilien;1;0;2017;U20-F
Angola;Kuba;5;1;2017;U20-F
Wales;Elfenbeinkueste;2;2;2017;U20-F
Frankreich;Bahrain;6;1;2017;U20-F
Jordanien;Aegypten;0;0;2017;U20-F
Tadschikistan;Armenien;2;4;2017;U20-F
Tadschikistan;Kasachstan;0;0;2017;U20-F
Polen;Schweiz;0;0;2017;U20-F
England;Niederlande;3;0;2017;U20-F
Portugal;Tschechien;0;3;2017;U20-F
Niederlande;Portugal;1;0;2017;U20-F
Schweiz;England;0;0;2017;U20-F
Tschechien;Deutschland;2;2;2017;U20-F
Italien;Polen;6;1;2017;U20-F
Niederlande;Deutschland;0;1;2017;U20-F
Italien;England;1;5;2017;U20-F
Schweiz;Portugal;1;1;2017;U20-F
Tschechien;Polen;3;3;2017;U20-F
Schweden;Daenemark;2;2;2017;U20-F
Polen;Niederlande;1;0;2017;U20-F
Deutschland;Schweiz;2;1;2017;U20-F
England;Tschechien;4;0;2017;U20-F
Portugal;Italien;4;2;2017;U20-F
Marokko;Frankreich;1;1;2017;U20-F
Polen;Portugal;1;2;2017;U20-F
Niederlande;Schweiz;1;0;2017;U20-F
Deutschland;Italien;2;2;2017;U20-F
Marokko;Frankreich;1;2;2017;U20-F
Schweiz;Tschechien;1;4;2017;U20-F
Georgien;Albanien;3;0;2017;U20-F
Italien;Niederlande;1;0;2017;U20-F
Deutschland;England;2;1;2017;U20-F
Dominica;Kuba;1;0;2017;U20-F
Swasiland;Malawi;2;3;2017;U20-F
Mosambik;Aegypten;0;1;2017;U20-F
Sambia;Uganda;0;2;2017;U20-F
Lesotho;Simbabwe;0;0;2017;U20-F
Mauritius;Suedafrika;0;2;2017;U20-F
Angola;Namibia;0;1;2017;U20-F
Uganda;Swasiland;2;2;2017;U20-F
Sambia;Malawi;0;0;2017;U20-F
Aegypten;Mauritius;2;0;2017;U20-F
Suedafrika;Mosambik;1;0;2017;U20-F
Namibia;Lesotho;1;2;2017;U20-F
Angola;Simbabwe;0;1;2017;U20-F
Sambia;Swasiland;2;0;2017;U20-F
Uganda;Malawi;1;1;2017;U20-F
Mosambik;Mauritius;2;0;2017;U20-F
Suedafrika;Aegypten;2;1;2017;U20-F
Angola;Lesotho;0;0;2017;U20-F
Namibia;Simbabwe;0;0;2017;U20-F
Aegypten;Uganda;3;1;2017;U20-F
Lesotho;Suedafrika;1;2;2017;U20-F
Tunesien;Algerien;0;1;2017;U20-F
Tunesien;Algerien;3;0;2017;U20-F
Russland;Saudi-Arabien;5;0;2018;wm2018
Aegypten;Uruguay;0;1;2018;wm2018
Russland;Aegypten;3;1;2018;wm2018
Uruguay;Saudi-Arabien;1;0;2018;wm2018
Uruguay;Russland;3;0;2018;wm2018
Saudi-Arabien;Aegypten;2;1;2018;wm2018
Marokko;Iran;0;1;2018;wm2018
Portugal;Spanien;3;3;2018;wm2018
Portugal;Marokko;1;0;2018;wm2018
Iran;Spanien;0;1;2018;wm2018
Spanien;Marokko;2;2;2018;wm2018
Iran;Portugal;1;1;2018;wm2018
Frankreich;Australien;2;1;2018;wm2018
Peru;Daenemark;0;1;2018;wm2018
Daenemark;Australien;1;1;2018;wm2018
Frankreich;Peru;1;0;2018;wm2018
Daenemark;Frankreich;0;0;2018;wm2018
Australien;Peru;0;2;2018;wm2018
Argentinien;Island;1;1;2018;wm2018
Kroatien;Nigeria;2;0;2018;wm2018
Argentinien;Kroatien;0;3;2018;wm2018
Nigeria;Island;2;0;2018;wm2018
Island;Kroatien;1;2;2018;wm2018
Nigeria;Argentinien;1;2;2018;wm2018
Costa Rica;Serbien;0;1;2018;wm2018
Brasilien;Schweiz;1;1;2018;wm2018
Brasilien;Costa Rica;2;0;2018;wm2018
Serbien;Schweiz;1;2;2018;wm2018
Serbien;Brasilien;0;2;2018;wm2018
Schweiz;Costa Rica;2;2;2018;wm2018
Deutschland;Mexiko;0;1;2018;wm2018
Schweden;Suedkorea;1;0;2018;wm2018
Suedkorea;Mexiko;1;2;2018;wm2018
Deutschland;Schweden;2;1;2018;wm2018
Mexiko;Schweden;0;3;2018;wm2018
Suedkorea;Deutschland;2;0;2018;wm2018
Belgien;Panama;3;0;2018;wm2018
Tunesien;England;1;2;2018;wm2018
Belgien;Tunesien;5;2;2018;wm2018
England;Panama;6;1;2018;wm2018
England;Belgien;0;1;2018;wm2018
Panama;Tunesien;1;2;2018;wm2018
Kolumbien;Japan;1;2;2018;wm2018
Polen;Senegal;1;2;2018;wm2018
Japan;Senegal;2;2;2018;wm2018
Polen;Kolumbien;0;3;2018;wm2018
Senegal;Kolumbien;0;1;2018;wm2018
Japan;Polen;0;1;2018;wm2018
Frankreich;Argentinien;4;3;2018;wm2018
Uruguay;Portugal;2;1;2018;wm2018
Spanien;Russland;3;4;2018;wm2018
Kroatien;Daenemark;3;2;2018;wm2018
Brasilien;Mexiko;2;0;2018;wm2018
Belgien;Japan;3;2;2018;wm2018
Schweden;Schweiz;1;0;2018;wm2018
Kolumbien;England;3;4;2018;wm2018
Uruguay;Frankreich;0;2;2018;wm2018
Brasilien;Belgien;1;2;2018;wm2018
Schweden;England;0;2;2018;wm2018
Russland;Kroatien;3;4;2018;wm2018
Frankreich;Belgien;1;0;2018;wm2018
Kroatien;England;2;1;2018;wm2018
Belgien;England;2;0;2018;wm2018
Frankreich;Kroatien;4;2;2018;wm2018
